age,sexe,revenu_mensuel,nbr_visites_30j,temps_depuis_derniere_commande,type_client,commande_30j
56,F,3214.425649134273,4,111.68398321036817,occasionnel,0
69,F,1970.4793465446435,5,22.091261247199586,occasionnel,0
46,M,1013.5193435604224,5,31.4990405952343,premium,0
32,M,5420.762039131921,3,17.945030809386918,fidèle,0
60,F,231.0772177150417,7,48.92357549062591,fidèle,0
25,M,1498.0181142732902,3,238.70618772040928,premium,0
38,F,1021.2188942726494,0,1.1630098589707274,fidèle,0
56,F,,6,103.54798381520804,premium,1
36,F,2065.2672690508593,6,0.17702028821573937,occasionnel,1
40,F,1854.8035416387888,4,20.381178759170854,occasionnel,0
28,M,7114.275227515245,5,8.309359743178513,occasionnel,0
28,M,1926.3333284502796,9,63.72455987354713,occasionnel,0
41,M,4974.348520414199,5,2.337142115932119,premium,0
70,M,1753.85864555205,4,36.28269812943157,fidèle,0
53,F,1126.567533135617,3,15.725371813688376,occasionnel,1
57,F,3182.1920475569304,6,6.457035056088387,fidèle,1
41,M,1703.8910114938672,2,66.49256935689405,fidèle,0
20,F,2910.126890550849,6,11.031978605105827,occasionnel,0
39,F,3816.9228266027026,6,11.393293733843603,fidèle,1
70,F,1688.5106274979203,6,14.476029312215037,premium,0
19,M,2752.8057653079345,5,39.76843990188899,fidèle,1
41,M,,3,48.502241546007035,fidèle,0
61,M,3633.069529540105,4,0.7991680728057393,occasionnel,0
47,F,2864.1326576198912,4,12.460496584885876,occasionnel,0
55,M,3941.572563203074,5,25.372062124582428,occasionnel,1
19,M,5323.447109584864,4,18.154467147962364,fidèle,0
38,M,4041.703569202535,4,97.00368143416699,occasionnel,0
50,M,8278.990573500194,5,69.74082163570569,occasionnel,0
29,M,5315.056630774142,5,44.24426924860807,premium,1
39,M,,5,18.564920892042327,fidèle,0
61,F,1600.0277423254925,7,54.2797411026245,fidèle,1
42,F,,3,83.50116881842112,occasionnel,0
66,M,4140.8748662454245,2,40.655226519942175,occasionnel,0
44,M,,4,69.0577009876445,occasionnel,0
59,F,4220.974914279145,4,62.22242700973745,fidèle,1
45,F,3891.0204040433086,6,38.16083307159611,occasionnel,0
33,M,1090.8286778738857,3,16.840475101507955,fidèle,0
32,M,5247.789072040209,5,61.63036802402454,premium,1
64,M,,5,10.425388561000643,occasionnel,1
68,M,8016.369074506671,5,68.03121307601424,occasionnel,0
61,F,2462.582340294756,5,73.45951931568938,fidèle,0
72,M,1957.6546317243776,3,77.70536956267634,premium,1
69,M,964.3338742604635,10,28.817788288163367,premium,0
74,M,949.9166913542259,5,9.620478322486738,occasionnel,0
20,M,4828.736393779142,4,4.727405329607995,occasionnel,1
54,F,7491.094059606189,4,61.203862208383626,fidèle,0
68,F,2303.140741252291,7,97.82335394722666,fidèle,1
24,F,2187.121469777196,3,47.34991389635376,occasionnel,0
38,M,2638.123876722177,6,7.005235804179713,fidèle,1
26,M,5492.4453424727735,2,122.92992796473483,fidèle,0
56,F,1099.8609849855761,4,203.36297971272495,occasionnel,0
35,M,2990.592280183007,4,25.562877330746765,premium,0
21,M,4903.877234263447,4,40.65466141736721,occasionnel,0
42,F,3601.326906158339,8,67.57239538401285,fidèle,0
31,F,68.87846416434508,5,59.99776849642721,fidèle,0
67,F,4055.86194681626,8,154.5926012764994,occasionnel,0
26,F,3626.3524933878866,5,5.491599400024306,fidèle,0
43,M,6215.089508338147,7,39.11525687276054,fidèle,1
70,M,7102.236904618508,8,52.98447858278969,premium,1
19,F,6008.6562085695605,3,99.36765355831334,occasionnel,1
37,M,2648.94020187927,4,93.25547154039636,fidèle,1
45,F,,6,171.7516548940553,fidèle,0
64,F,2174.632347568238,4,32.292029354355314,fidèle,0
24,M,2585.389928259644,4,79.93991587239779,premium,0
61,F,7428.63202380473,6,25.081259417148075,occasionnel,1
25,M,1320.2298726350996,2,24.692606958756855,occasionnel,0
64,M,716.0371859423543,4,13.147044929740284,fidèle,1
52,M,1757.4052096707896,2,76.72739478255603,occasionnel,1
31,M,1384.5698419497103,8,191.50099516282341,premium,0
34,F,645.8536241831735,7,13.327814788197742,fidèle,0
53,M,2342.4953189100343,2,2.599583248935651,occasionnel,0
67,F,2663.0661624080735,5,76.06511347814003,fidèle,1
57,F,606.4395044935737,6,43.56853249492738,occasionnel,0
21,F,1947.7521107263217,7,144.5118321361517,fidèle,0
19,F,1308.0133580231563,7,13.080247369132461,occasionnel,1
23,M,2729.4280364762376,7,3.3154340584724182,occasionnel,0
71,M,2935.99690420199,6,30.516516128073608,occasionnel,0
59,F,1308.2485935263592,5,4.020329617533887,fidèle,0
21,F,5216.184887269223,5,13.65871245783197,occasionnel,0
71,M,2541.4973399155383,8,6.059230774960763,occasionnel,0
46,F,1363.7976848395922,7,11.419789856445432,occasionnel,0
35,M,565.1132344805227,4,5.049509442798799,occasionnel,1
43,F,3053.787125316257,5,138.46826145910097,premium,0
61,M,3620.208030961485,8,14.692942146343889,occasionnel,0
51,F,1676.379532342136,5,26.406126172745935,premium,1
27,F,2795.1736587252167,2,102.99593883160325,fidèle,0
53,M,7102.013052550505,3,50.89945860406458,fidèle,0
31,F,4669.924056517101,7,43.30947563294288,occasionnel,1
48,F,219.41831093850914,3,55.02108902407362,premium,0
65,M,1349.9508949881124,8,79.42737735822315,occasionnel,0
32,F,2254.3388590388818,1,94.54621423118188,fidèle,0
25,M,2651.795670266066,5,46.305480616249135,premium,1
31,M,,3,99.33034720315433,premium,1
40,F,3457.1846106374937,5,34.495791152283395,fidèle,1
74,F,2313.9034766302325,5,14.613679286627887,premium,1
57,F,2536.6800802278017,2,95.44063415851089,fidèle,0
38,F,4837.238086106748,7,35.088107622663166,occasionnel,1
33,F,3098.2523185512546,2,106.46663699193984,occasionnel,0
62,F,874.8558192793116,4,1.8448567199622683,occasionnel,0
35,F,2716.172627692535,5,22.801219091819245,occasionnel,0
64,M,2259.2577365809593,4,132.87460166671758,fidèle,0
70,F,339.70722350861115,4,12.924703721708719,fidèle,0
41,M,2822.513394611184,5,127.7706738227114,occasionnel,0
43,F,991.2679597968378,4,138.46480727203274,premium,1
42,F,4886.478723844508,4,96.22248458152173,occasionnel,1
62,M,3421.8607365647313,5,37.320838238658816,premium,1
58,F,827.7320491692042,7,46.850206698421445,premium,1
46,F,4735.773658793719,6,91.6775547388806,premium,0
32,M,6282.163923844013,6,67.30424455607462,fidèle,1
62,F,2046.375867997124,8,44.752767871254335,occasionnel,0
18,F,2248.8273999578732,5,181.435496600524,fidèle,0
42,F,4421.76660754096,2,52.0799851071904,occasionnel,0
24,M,5971.989691435514,4,166.87563431764684,occasionnel,0
26,F,464.8037082634291,6,2.6595466798944325,fidèle,0
41,F,,3,6.732663687048943,occasionnel,0
18,F,1785.8621476795258,3,27.022183740014416,premium,0
61,F,1949.6789664928954,5,21.86716643184324,premium,1
25,M,4334.136216378705,5,68.69865339716898,occasionnel,0
41,M,5992.667332580604,6,7.87880872510564,fidèle,1
28,F,6293.690903704481,2,168.01538083061337,occasionnel,0
68,F,451.7153384492842,6,17.029467612381772,premium,1
34,M,1241.6310629719117,4,25.210460996455566,fidèle,1
25,M,,3,14.455440295159212,occasionnel,0
52,F,1237.1024418079785,4,38.969393292705554,occasionnel,0
52,M,3414.3861859534954,2,2.718793684717863,occasionnel,1
50,F,3714.103645693331,6,7.296281830912302,premium,1
22,M,2512.457306185121,8,61.633119857527944,occasionnel,0
59,M,2332.7601813164288,5,9.288453126479956,occasionnel,0
56,M,1849.7508497887618,6,12.08484706817321,premium,0
58,M,2031.5853883558755,5,70.87278022400221,premium,0
45,F,7049.420372308078,5,4.40752247738671,premium,1
24,M,4107.087668240088,6,25.88929239105474,fidèle,1
26,M,1907.6782595416023,4,1.0500078718517445,fidèle,1
25,F,2297.914001377429,4,19.164746058676656,fidèle,0
29,M,3471.0873339271834,5,54.0262453858005,occasionnel,0
51,M,827.4650000226741,5,4.249088104812803,fidèle,1
50,F,2787.150164573907,4,98.65118785435374,occasionnel,0
65,M,3950.3133880428722,4,108.10776838911603,occasionnel,0
72,F,3600.7101941979404,7,4.991436302173995,premium,1
40,F,1263.7259884780324,5,210.65556409456306,occasionnel,0
41,F,1480.1615413876252,4,15.891837639728962,premium,0
54,F,292.2303579700621,3,3.9532461819089466,occasionnel,0
52,M,4246.010136745779,9,0.22859981345514432,occasionnel,0
61,F,9051.30914681866,6,23.630953692699222,fidèle,1
57,M,1108.8112120236249,6,44.71824838594555,fidèle,0
39,M,5295.482380634256,4,18.168096583495572,fidèle,0
44,M,8533.086666460247,7,81.55226815177191,premium,0
52,M,1702.8516618326494,6,56.74131431160919,occasionnel,0
18,M,2300.3932427114887,6,19.39641559633846,premium,0
52,M,3024.2596703508116,2,59.64407138448018,occasionnel,0
54,M,3519.454750781621,6,126.97077988392181,premium,1
64,M,3145.2428384889713,4,4.397340433598033,occasionnel,0
31,M,1815.6849189215004,7,16.44449076874148,fidèle,0
20,M,3907.178804507656,8,28.006394927545163,fidèle,0
18,F,1850.385683712243,6,31.01109721454806,occasionnel,0
22,F,3303.6617982437383,3,35.15910112675531,premium,1
43,F,2443.759882770632,4,16.090691669112896,occasionnel,1
72,M,398.5020204220947,5,49.51767648619478,occasionnel,0
31,F,5826.400320642703,3,46.614400017951866,fidèle,1
56,F,1514.8180828907296,5,38.80471875537433,occasionnel,0
44,F,6217.860240921158,8,5.434624233596446,occasionnel,0
26,M,5153.356518309344,8,29.165059039667728,fidèle,1
32,M,2957.696859165118,5,19.818401612380224,fidèle,0
32,M,3651.0236077352615,5,30.392228004192873,occasionnel,0
43,M,3969.1651166738316,8,114.72009981868486,fidèle,0
59,F,2136.996315411336,5,29.47269616111887,fidèle,0
30,F,2218.353382101076,4,0.6335749654317787,premium,1
68,F,3834.571349328213,3,25.998452835278044,premium,1
49,F,2463.9453759142853,7,77.32826674086984,fidèle,0
56,M,1820.5868429363734,4,68.14821126146289,fidèle,0
66,M,1282.1316346412718,4,32.41316021338844,occasionnel,0
69,M,3374.001523053481,5,12.931836165653328,occasionnel,1
49,F,1472.1615763900902,3,28.15444219022838,fidèle,0
21,M,4569.479691013989,5,37.32436285983187,premium,1
47,M,4837.2032404881575,4,403.15956354127206,fidèle,0
54,F,,6,46.49962169624825,occasionnel,0
40,F,4183.429395702486,5,53.326635145019246,occasionnel,0
56,M,,5,30.42899494885362,fidèle,0
62,M,4392.380910429971,2,19.69712464670869,fidèle,1
32,M,4263.624609971538,5,75.43778712222883,fidèle,0
60,M,3244.202492795343,3,30.737828136421975,fidèle,0
46,M,5197.687458072003,3,235.71845637553236,occasionnel,0
53,M,2197.3310040680635,5,27.489061609399048,premium,1
30,F,1317.15524861808,4,3.169024588776886,fidèle,0
49,F,1258.0374933572134,3,51.638561640376,occasionnel,0
24,F,1949.7983378234653,4,2.1493896348746273,occasionnel,0
68,M,,2,12.975799141879145,premium,1
39,F,2936.20616870867,6,19.644780411365247,premium,0
45,M,4006.2556592110627,7,60.529023392546826,occasionnel,0
19,M,4790.581826355487,3,30.675823926712102,occasionnel,1
59,F,500.3239740409659,5,1.3078905214607803,occasionnel,0
62,M,1294.769931879764,4,43.169775003193564,occasionnel,0
74,M,4474.844499679115,6,23.85315047397326,fidèle,1
70,F,2143.12822472979,6,114.70171647425887,fidèle,0
23,F,3943.400082533163,2,31.152248359201895,fidèle,0
45,F,786.1662118711153,2,55.54559728415847,fidèle,0
45,M,6169.005276280111,5,11.115529182739392,occasionnel,0
61,F,,2,64.40315060309138,occasionnel,0
61,F,2873.1908581710873,7,57.43724996294716,occasionnel,0
37,M,2928.3788411571018,4,105.49163612566203,occasionnel,1
47,F,1663.689996955823,5,1.5483071660075642,occasionnel,0
28,F,3540.5728215270074,7,26.69863987111709,fidèle,1
72,F,3612.1464258388173,5,51.15592771922614,fidèle,1
45,M,3339.505816287343,7,4.500065553512574,fidèle,1
42,M,1638.244502397149,1,23.78956991366393,fidèle,0
56,M,1381.5785248821655,3,128.242939832141,fidèle,0
50,M,1788.2336811220387,4,25.766319749706767,fidèle,0
18,F,1221.6401345075337,9,190.21776478253202,occasionnel,0
74,M,5359.846968396147,4,2.6333254788804035,premium,1
44,M,1917.2750117352073,5,56.936014175236366,occasionnel,0
74,F,2812.7283834352265,6,39.146539941300134,occasionnel,0
69,F,,6,31.24022029859254,occasionnel,1
30,F,1168.7090040787803,3,159.08450522747853,premium,0
58,M,694.5072888906483,3,6.248713928986694,premium,1
20,M,1225.4429602626508,5,101.85094349551574,fidèle,0
56,M,3043.6959776099106,7,52.883655051365736,fidèle,0
23,F,2893.9359914679553,6,13.488720952919028,fidèle,0
25,F,3334.9251520545135,6,104.37378396516596,premium,1
44,M,2305.39197224853,4,25.239721337185458,fidèle,0
26,F,126.94089559128095,7,75.74541960142369,premium,1
54,F,2248.8807765457195,4,22.157585522675735,occasionnel,0
50,F,4874.199116801836,8,85.65051759078375,occasionnel,1
68,M,5739.048793319205,5,45.554906431684294,premium,0
59,F,2675.644759106352,5,6.841829101263241,occasionnel,0
61,F,2901.897557327959,4,47.198708874542135,premium,1
41,M,3892.070330636764,5,9.557217532927858,fidèle,0
32,M,5631.066806611825,2,23.89035395367342,premium,0
71,F,2501.0225273061524,3,8.400859525086114,occasionnel,0
49,F,3854.307998122624,7,1.001793927164596,fidèle,1
49,M,1578.254760670344,5,10.715094630880815,occasionnel,0
41,M,802.8913353508052,6,34.59027706276917,fidèle,1
58,F,1720.998358102273,7,29.56197794126027,fidèle,1
69,F,6499.385094218964,2,31.32656384355556,premium,0
66,F,3908.835744332963,7,12.807119549343618,fidèle,0
66,F,879.5696592062684,5,52.00625336065812,occasionnel,0
69,M,4036.122913163919,5,54.82285663425937,premium,0
29,F,945.8039135362134,7,19.940258726876767,occasionnel,0
56,F,3302.050990512741,6,95.85279554510566,occasionnel,1
19,M,1128.446992964615,5,46.48003944862984,occasionnel,0
20,F,831.6538651584958,0,56.17844640801239,premium,0
66,M,7220.956150575261,7,14.616734250210436,occasionnel,0
54,F,1916.1009686891616,5,0.027532002630340304,occasionnel,0
66,F,3859.4290629223674,5,90.23700106059289,premium,1
73,M,2580.0797802635393,6,77.77614412856867,fidèle,0
34,M,1018.1460194483267,8,5.916019997484638,occasionnel,0
66,F,2082.933047399411,4,21.085779114058425,fidèle,0
19,F,1026.5082852916541,6,48.72404621462085,premium,1
19,F,10686.686888525097,4,47.51421323325243,occasionnel,0
45,M,4347.966859672508,1,88.58782728347504,fidèle,0
71,F,2543.7578604779915,3,6.801063939648229,fidèle,1
40,M,3716.2089961579545,4,25.290594814493083,fidèle,0
54,M,,5,4.602657657961398,occasionnel,0
49,F,4164.59696753258,4,22.213485661581053,fidèle,1
50,M,4042.4706064107504,5,0.6850226508673651,occasionnel,0
18,F,3830.0850086540804,2,102.84584240183287,fidèle,1
36,F,2702.47669444621,2,33.69388101154355,occasionnel,1
19,F,6859.342685682331,5,85.31111662703161,occasionnel,1
70,F,2832.823535430562,5,2.7798312125506937,occasionnel,1
61,F,2599.844060772449,5,11.613107058992416,fidèle,1
43,M,2850.9224921596447,6,13.512041967772076,occasionnel,0
49,M,3002.7946913568885,4,21.999923921515357,occasionnel,1
23,F,504.74684617879717,9,73.07430603711384,occasionnel,0
49,F,1214.353703207586,7,21.990120884619287,fidèle,0
72,M,2305.3314162394176,2,10.303985137524469,occasionnel,0
21,M,,3,3.0239249848975676,fidèle,1
72,M,2540.6650254644874,4,3.7273191317653422,occasionnel,0
28,M,2973.890222506607,6,64.22908799207381,occasionnel,0
73,F,767.5927917473782,7,26.479451570304338,fidèle,1
34,F,1486.295464710476,4,58.28797891652991,premium,0
55,M,5893.793135066418,5,51.59732412097925,occasionnel,0
41,F,3742.9379703689683,5,6.545020086223563,occasionnel,1
22,M,3594.23667725247,3,6.938397166357103,occasionnel,0
69,F,5421.639545466424,3,63.35523112909362,fidèle,0
51,M,1235.5838438896037,7,57.48775133466867,occasionnel,1
23,F,769.8749906618482,3,21.368909335253154,fidèle,0
39,M,4940.798457168009,8,3.626263765254447,occasionnel,0
28,M,2355.7869001265026,8,0.5477309280686952,occasionnel,0
65,F,1206.4185312492448,5,15.295402192802808,occasionnel,0
33,M,500.25695095821027,5,0.4169277911966295,fidèle,0
50,F,2875.0844585918267,3,11.765658676673807,fidèle,1
26,F,2149.7530622433515,3,24.47400388374909,occasionnel,0
23,M,1869.7282145053996,6,5.824957107394001,premium,1
33,F,197.24557412466316,5,4.955621024080776,occasionnel,0
46,F,6800.357611757513,4,102.04107133929112,fidèle,1
20,F,632.0965364481872,6,39.62745003072335,fidèle,1
37,F,2018.3658127860488,3,122.62629722025498,occasionnel,0
53,F,1757.49370840499,12,19.097197120605223,fidèle,0
36,M,3821.699230666256,1,50.87483004810624,fidèle,1
43,F,506.60161176582596,6,10.306143398261856,occasionnel,0
20,F,3506.0436130138264,1,43.34516776707262,fidèle,0
36,F,,6,6.245370371938184,occasionnel,0
37,F,1424.7035645103538,1,0.09372630208829502,fidèle,1
49,F,3418.741182810952,4,120.66236530504746,occasionnel,0
24,M,2537.2631323192504,3,36.42496506319273,fidèle,0
69,F,7874.733595304268,3,117.74174982326714,occasionnel,0
58,M,2148.239129259752,5,18.279570285823638,occasionnel,0
50,M,1067.60363737385,5,17.87303878468893,occasionnel,0
57,M,3530.9314740058117,5,23.036305036185453,occasionnel,1
56,M,1941.4480805998799,9,55.09417151605355,fidèle,1
35,F,2498.6280635405446,3,37.5421458154558,occasionnel,0
57,M,776.2241939486184,3,116.77547213585859,fidèle,0
18,M,3862.864882308848,6,1.1596552447531456,occasionnel,1
28,F,1695.768072555652,6,55.42527250812311,fidèle,1
45,F,3051.025413487907,3,18.043504868104545,fidèle,0
74,F,9168.881170442732,7,8.943116425619987,premium,1
42,M,2051.4989573233033,4,32.137092310176904,premium,0
67,F,4235.768498473424,1,31.64968717404745,premium,1
40,F,2165.2258733545477,7,6.630901535569922,fidèle,0
48,M,1441.5533759987634,7,10.148239554402,occasionnel,0
47,F,6030.884915639963,2,23.603707483227474,fidèle,1
59,F,347.60327236310843,5,23.652909598966687,premium,0
52,F,5002.594256622117,6,17.19350738133866,occasionnel,0
24,F,296.508400379573,9,7.236396276020745,fidèle,0
33,M,4657.475731574902,3,0.19724722269104372,occasionnel,0
43,F,2527.741662375806,4,158.14908763840572,fidèle,0
65,F,1070.3480235490704,10,129.30754533137386,occasionnel,0
74,M,1791.7148147803148,4,29.743703244196496,fidèle,0
69,F,4078.478187622379,4,238.89248829517294,fidèle,0
66,M,8612.761332395934,4,50.39091559573878,premium,0
19,F,529.5770804262617,7,3.210434666183457,fidèle,0
18,M,1132.1743731823622,8,5.6359697324131925,fidèle,1
65,M,707.4128979361722,6,111.52165146365061,occasionnel,0
29,M,2151.3621152467845,6,44.74770165848008,occasionnel,0
22,M,,3,83.37058896101811,occasionnel,0
54,F,611.2544917635,5,102.8443315546539,occasionnel,0
49,M,2476.6628484624066,6,26.73459837890804,occasionnel,0
72,F,4640.754520194352,2,2.2384290150998485,fidèle,1
26,M,1770.5129138754585,8,9.38701150641818,fidèle,1
58,M,2905.390474164368,5,3.10011262213967,fidèle,0
52,M,5737.87436614223,4,9.412492238263347,occasionnel,0
36,F,946.6181096341118,4,23.78413869532368,occasionnel,0
65,M,395.34784100528515,2,5.660387507182249,fidèle,0
33,F,3171.4972565147355,5,8.208065580854901,occasionnel,0
20,F,3235.520627868488,5,26.56210279299959,occasionnel,1
37,F,,4,18.709852196347732,occasionnel,0
41,F,1406.5112315141146,2,28.37112175475996,occasionnel,0
71,F,2566.7207801156696,4,25.230032516370414,occasionnel,0
73,F,930.3013434337744,4,46.53756990267572,occasionnel,1
50,F,931.7255146680102,1,124.54352100809221,occasionnel,0
41,F,4059.8683552860857,8,5.136168195911621,fidèle,1
69,F,869.9914283812228,4,4.70424586670763,occasionnel,1
28,M,425.9968888204481,10,86.2202065100557,occasionnel,0
66,M,1404.0624823862036,6,31.771040861855035,premium,1
25,M,1704.2105291919916,3,65.43749399675373,fidèle,0
53,M,3505.7724322452027,6,10.917412312769137,occasionnel,1
55,M,1512.255775909938,4,79.43797708015474,premium,0
57,F,6389.809645444659,3,115.87526413208259,occasionnel,0
37,F,2668.8841909568787,2,45.41319594174294,occasionnel,0
52,F,1238.7239022198116,3,5.03613856024557,premium,1
65,F,3400.905107700808,5,101.54729843231709,premium,1
42,F,6314.911232940598,3,70.76541581351627,occasionnel,1
52,F,3982.976394838298,4,62.541524050963844,fidèle,1
42,F,572.7892474648793,3,1.6838843624698925,fidèle,1
46,M,1827.72367440466,6,72.1918776057081,occasionnel,1
35,M,3016.484697262733,5,6.679942988852055,occasionnel,0
63,M,,5,11.318636181120677,occasionnel,0
35,M,2161.7571947953825,4,38.73158591878488,premium,1
19,F,1929.0247218200323,4,13.853637936661098,occasionnel,0
71,F,7836.775388610794,6,48.72522855381843,fidèle,1
52,F,4023.9923357179746,4,42.150292598706706,occasionnel,0
33,M,3408.491104737274,6,5.150559205995881,occasionnel,0
58,F,1567.2149634572688,4,48.022020226815854,fidèle,0
53,F,917.4289403463133,5,115.93929702809497,fidèle,1
50,F,3451.3244230344976,5,7.905400944727402,occasionnel,0
21,M,4332.113140230231,4,40.90376821501322,occasionnel,1
50,F,2489.179006307185,5,18.825559499925912,fidèle,0
31,M,4031.4903396226787,3,27.69602721867416,occasionnel,0
38,M,4103.269351619409,4,15.222334937873548,occasionnel,0
65,M,4531.110434898991,6,19.67211085940543,fidèle,0
37,M,562.1296434526671,6,1.3202102062662928,fidèle,0
73,F,1870.392392377069,1,179.67532990444406,occasionnel,0
25,M,3600.2687409680084,3,44.11331343696848,fidèle,1
24,M,2597.630347164889,4,31.255171119060996,premium,1
20,F,4112.142378280026,6,21.782084724657686,occasionnel,0
34,F,3407.0301596244335,4,34.88265262179545,fidèle,1
50,M,218.83463488617943,3,21.51930515534764,occasionnel,1
65,F,5283.332621716228,14,20.07644623580767,occasionnel,1
29,M,1682.6532819935587,5,28.05846242811028,occasionnel,0
68,M,1173.795542796286,4,14.53232037218321,occasionnel,0
39,M,5165.534491653435,5,8.933030738708663,fidèle,1
72,M,3895.283192821476,5,36.59833278243677,occasionnel,0
39,F,5657.92742711371,7,83.2507448102043,fidèle,0
63,M,3040.8027150922626,7,7.4633285284020525,occasionnel,0
47,F,1850.9136901977142,7,1.4976943167243677,occasionnel,0
55,F,,2,12.754803419689575,fidèle,0
55,F,989.4960405028914,5,175.41683231643773,fidèle,0
62,F,688.9165055083041,3,79.41050770039715,fidèle,1
68,M,1468.7002768922569,7,40.770400738498864,fidèle,1
71,F,6801.467111341485,2,119.18643346457243,occasionnel,0
25,M,1599.347190491192,6,26.518059223165437,fidèle,1
44,F,437.0721383254932,4,184.1033570022023,occasionnel,0
44,F,,8,15.813272531308202,fidèle,0
51,M,1581.4627330056562,5,12.367765288870864,premium,1
38,M,5348.161770105431,1,45.730990276278085,occasionnel,1
47,M,6484.866703462642,2,21.3778239202331,occasionnel,0
50,F,1781.7631535374592,3,44.30148050173494,fidèle,0
45,F,3038.662805994209,6,16.372664322875643,fidèle,0
64,M,3226.5859606249364,8,43.295431766961784,occasionnel,0
50,M,2406.9636961537853,4,14.51760656359809,premium,1
22,M,,3,2.354267186134463,fidèle,0
65,M,1103.35958213101,6,109.43837992180558,occasionnel,0
36,F,358.2885289473584,6,96.63015357754448,occasionnel,0
21,M,1097.4457524312245,8,159.0085435789583,fidèle,0
52,M,2341.8790163124313,6,56.728755904349626,occasionnel,0
66,M,612.4140779061153,6,51.65884467864659,occasionnel,0
34,M,2923.2345040900177,5,36.84228143312046,fidèle,0
61,F,2636.703399265713,4,6.057405914253964,fidèle,1
45,M,,5,9.43998372468435,fidèle,0
47,F,,5,15.37846516746467,occasionnel,0
46,M,733.374960546972,6,99.39138310745419,fidèle,0
63,M,4475.579865354259,11,8.546118034364694,premium,1
70,F,4423.432930269478,8,115.30368573803034,occasionnel,0
23,M,870.500021658889,7,33.290536139790746,fidèle,0
52,F,895.3832270966508,7,56.577006890096335,premium,0
58,F,1110.9318703611282,4,5.256385115828037,fidèle,1
54,M,3727.2097032837924,8,14.102447158972264,fidèle,1
41,F,3219.248872184928,6,143.21296539972852,occasionnel,1
46,F,5125.994653449861,2,13.925275137330068,fidèle,1
66,F,5517.7216733258465,4,15.827322494733973,fidèle,1
63,F,552.7066892579121,0,9.90651524258633,fidèle,0
70,F,3633.931484760724,6,6.218904656679263,premium,1
48,F,5370.552370012994,0,11.952199893063758,occasionnel,0
52,F,1907.261507272194,7,46.26611170760202,occasionnel,0
50,F,2454.6682456485755,9,27.34400035944626,occasionnel,1
69,M,2177.3360478887057,7,36.31000610709713,fidèle,0
38,M,2253.9491417074787,2,5.873593239583999,occasionnel,0
49,F,4465.066348995179,4,72.9034442226259,fidèle,0
40,M,7649.042888486157,8,68.98119282208366,occasionnel,0
50,F,6242.834090238259,5,0.9821872383624615,occasionnel,1
20,F,1647.009628758471,5,21.76746483956,occasionnel,0
35,M,3045.7407487572113,6,3.206233460480452,premium,1
42,F,1268.669956579338,2,70.68266475832426,fidèle,0
59,F,1387.0264167523403,4,60.14822328100724,premium,0
48,F,2372.153215655112,7,104.51998443986818,fidèle,0
71,F,1354.3129812178915,3,12.137236728040538,occasionnel,1
20,M,1536.5640134780988,6,27.420753730654663,occasionnel,0
57,F,2992.852552238726,2,9.177254617797114,premium,1
63,F,3597.847646919012,8,20.879891855113094,fidèle,1
41,F,3529.946714253579,10,33.23941067307685,occasionnel,0
67,M,3554.9794372550705,5,2.466249736877168,fidèle,1
49,F,787.5962702512288,4,56.46651762061471,occasionnel,0
64,M,1294.0690354594828,4,35.26713092810876,occasionnel,0
39,M,2574.188291864254,8,79.46334385919958,occasionnel,0
40,F,5206.612856926716,9,14.271874509487972,fidèle,1
19,F,10439.993725199376,7,105.13620699548473,occasionnel,0
44,M,3135.701880257872,7,298.8441005172997,occasionnel,0
59,F,4173.792841727662,3,113.26488088208743,occasionnel,0
19,M,700.5143833202892,8,67.70671520724962,occasionnel,1
43,M,4096.216180059987,7,75.2974632114155,fidèle,0
34,F,8683.96268381446,2,38.3722084461985,occasionnel,0
57,F,1289.8658165405911,5,9.490995160755233,occasionnel,0
50,M,,7,50.860301575625336,premium,0
26,M,4561.362614826593,6,56.13357660044982,occasionnel,1
60,M,2549.4874551453954,1,190.1572415097889,occasionnel,0
71,M,320.71314983615883,3,35.071278611376314,occasionnel,0
65,F,1661.496597088359,4,14.246454086218927,fidèle,0
56,F,6467.089070664701,4,51.79397752794044,fidèle,1
46,F,1997.7665606500002,3,174.6580990029733,occasionnel,0
59,F,1996.4374008599893,7,8.777656121868874,premium,1
72,F,4364.139460924996,9,17.753493593182043,fidèle,1
43,M,3218.0160823205174,4,35.128179107208375,fidèle,1
52,F,1911.74174737596,3,8.396469354449101,occasionnel,0
67,F,1491.9500216596725,4,1.0112056731260248,occasionnel,0
42,F,13663.221792921684,4,18.492967474750962,fidèle,1
41,F,5767.905728697486,6,90.23539308165944,premium,1
30,F,3554.041909881187,3,1.999865377172022,fidèle,1
24,M,3716.576455981063,10,25.210882671432497,occasionnel,0
74,M,2264.8432870499905,5,64.63478452728064,occasionnel,0
53,M,3190.2053212767382,5,137.76751279364115,fidèle,0
62,F,2080.8766469031193,3,190.4360151062763,fidèle,0
37,M,1187.1458541627474,2,24.665779664437967,occasionnel,0
18,M,3281.2821244255156,7,135.15515324057608,occasionnel,1
25,F,1940.676513593516,5,1.6227648506185535,occasionnel,0
63,F,3404.939565349967,4,61.65423223505472,fidèle,1
33,F,3868.912137721467,6,46.31887631420039,fidèle,0
31,M,3533.920457827162,5,12.91701385642117,fidèle,0
29,M,1100.9501464641207,4,31.855156187419603,fidèle,0
68,F,1775.7415202404563,7,6.243716418389917,occasionnel,1
40,F,1970.994093399985,4,92.36622146047533,fidèle,0
32,M,4905.756079288155,2,19.93537091856918,premium,1
45,M,4733.699462795537,3,44.262827713165976,premium,1
51,F,1362.281594339493,8,7.780394034559913,premium,0
19,F,769.0566154417237,5,10.3895753478836,occasionnel,0
49,M,10758.77165896638,6,217.02937072479705,fidèle,1
40,F,3435.6427782217024,2,62.942255037262655,premium,1
39,M,668.6607015474382,3,147.12431058073693,fidèle,0
68,M,1558.0524415232153,3,15.784448945292485,occasionnel,0
42,M,5045.365335468298,7,8.091008552522135,premium,1
39,M,9117.034919572598,5,31.468635713381545,occasionnel,1
39,F,8155.202270184952,2,30.714308931278207,occasionnel,1
66,F,3332.929328598989,2,8.653817832320133,occasionnel,1
69,M,2506.5423390953865,7,59.459819259893266,fidèle,0
59,M,1005.7392797629051,8,20.20807639413055,occasionnel,0
23,M,,4,9.28096651423788,occasionnel,0
32,M,1136.1047812658965,4,18.154901127884706,fidèle,1
71,M,1790.064407271857,4,37.31987442861826,fidèle,0
60,F,4558.076466979917,3,58.33563218512291,fidèle,1
54,F,2072.626847830315,4,29.59062364028061,occasionnel,0
50,F,1963.423571150308,6,33.55622416279575,fidèle,1
25,F,2404.033983479426,5,6.731909296067291,occasionnel,0
70,M,11784.064719997592,5,110.76634968789467,occasionnel,0
61,M,905.7535427536113,3,118.85392763742945,occasionnel,0
61,M,3083.779575852297,6,51.759005511824704,fidèle,1
22,M,7685.982778640012,4,0.8004912180821901,occasionnel,1
56,M,2398.536749150848,2,34.65848390723935,occasionnel,0
21,F,5696.8207880965165,5,44.64646253491266,occasionnel,0
23,M,716.6897507665641,7,235.41517654784784,occasionnel,0
62,F,2127.1703678005633,8,249.22536270653563,premium,0
49,F,1248.7266757340544,0,87.71373822938126,premium,0
69,F,2378.9918446662223,5,2.9681664628324698,occasionnel,0
47,F,2417.986420219759,4,137.85775610752643,occasionnel,0
64,M,2614.0522678454968,6,42.68050373132851,occasionnel,0
52,F,4529.178463302525,4,72.62467305775199,fidèle,0
72,F,185.0291151438109,7,23.52987644128016,occasionnel,1
57,F,1499.5625029453045,2,17.33294372367307,occasionnel,0
69,M,2931.875393252548,3,27.999537072301592,fidèle,0
33,M,342.42526441885866,3,7.148188337847513,occasionnel,0
30,M,3902.3288840682017,5,19.87710388570698,occasionnel,0
67,F,1475.3907718748937,6,87.71571806342521,occasionnel,1
59,F,2159.422607271707,9,1.7410212025947378,occasionnel,0
47,M,4670.590475971354,6,7.359860685166726,fidèle,0
36,F,5870.6054611001055,7,6.014886989500165,premium,1
34,M,3985.8085528384377,2,23.218411985205833,occasionnel,1
73,M,880.6775173119684,2,261.21537564909795,occasionnel,0
36,F,3848.076950606329,8,8.567256744983224,premium,0
45,F,4030.4221391960227,8,7.074831235146763,premium,1
72,F,3494.1872005280698,8,110.9591946875685,occasionnel,0
43,F,6511.675769282582,7,96.1874485228231,fidèle,0
54,M,2665.868367060361,6,1.474719239396411,occasionnel,0
43,M,6346.789198853015,2,62.69137158150878,fidèle,1
70,M,6321.275631208606,7,47.95027349326118,premium,0
40,M,4109.646495257942,6,65.695559940332,fidèle,1
26,M,3119.4171594853947,5,30.69954435183,occasionnel,0
29,F,3508.499855146257,6,213.91107890244606,occasionnel,0
70,M,7448.286792705558,4,2.0176810408829855,fidèle,1
18,M,5202.082628500857,4,12.017624700796361,fidèle,1
18,M,986.2088555773275,4,22.72884488106,fidèle,0
64,F,3352.4669116019563,5,26.88450028334656,occasionnel,0
51,F,1191.5979416791868,4,114.43360237184136,fidèle,0
49,F,1437.9129741136915,7,36.94457117143908,fidèle,0
71,F,1848.9635274364405,2,2.077207691937262,occasionnel,0
65,M,646.4432761131874,4,23.58077355835917,occasionnel,0
42,M,1121.9591142581053,1,24.241247826588975,occasionnel,1
57,F,6747.103157502319,6,151.49400009547892,fidèle,0
62,F,,1,41.142846208790424,fidèle,0
70,M,,6,45.43394736544475,fidèle,1
18,M,2847.7481888764914,6,56.211979233955,occasionnel,0
33,F,3731.6971974537364,0,66.14311150884716,premium,0
56,F,3844.035177374399,6,45.359903409845266,fidèle,1
22,F,1076.5105528865429,1,12.18383999315865,occasionnel,0
39,F,,4,93.23270270880082,occasionnel,0
46,M,792.2129073777832,6,59.27469366917237,occasionnel,1
72,M,1378.8955595244618,7,60.94322209215002,premium,0
20,M,3804.9516664790226,6,255.21013618614634,occasionnel,0
29,F,1011.3864997695576,3,72.99679758324935,occasionnel,0
43,F,300.0179012888306,7,79.51398809600045,occasionnel,0
33,M,3240.0615002586273,6,136.09103609227316,fidèle,0
68,M,529.1910194049701,5,7.3734271962337745,occasionnel,0
54,M,4059.251675045025,7,30.987550438076,occasionnel,1
39,M,1959.5213232436668,4,39.09831912090688,occasionnel,0
74,F,3206.5877129839987,7,17.97287171839367,occasionnel,1
46,M,3163.570573914977,1,82.29866845262276,occasionnel,0
31,M,4270.53159868082,2,64.67621749145127,fidèle,1
45,M,3883.4865148125546,2,57.42560237260625,fidèle,1
22,M,1002.8008167123231,6,263.710787757224,fidèle,0
64,M,2056.5020819972724,8,13.51212570637183,fidèle,1
66,M,3203.849670358213,6,59.838858961568924,occasionnel,0
47,M,6422.434288877098,0,36.073513449688,fidèle,0
63,F,3908.4779652299726,10,16.89323583949884,occasionnel,0
69,F,6057.498172058095,2,7.877352912350474,occasionnel,0
22,F,3326.3524220239196,5,101.80116233519158,premium,1
29,F,5263.673343869204,8,40.72470720429669,fidèle,0
33,M,3014.528237035387,5,78.4166087648377,fidèle,0
43,F,5119.030532252905,4,35.46973593953931,premium,1
43,F,1879.3677388461558,3,11.179438917898334,premium,1
65,M,6914.114093978362,7,18.53137817944694,fidèle,0
38,M,3598.2895437484835,7,21.623440059479947,fidèle,0
56,F,651.3766458874283,3,162.42781370073732,fidèle,0
53,F,3281.6712715478093,3,0.2542142310944914,occasionnel,0
50,M,3917.4529851817356,2,191.0305146464074,occasionnel,0
47,F,4635.912801338101,2,177.09188922015778,fidèle,0
54,M,,7,250.19493679210723,occasionnel,0
40,M,1642.9488254177584,4,29.13240167849572,occasionnel,0
27,M,8551.712439196033,1,149.3524786697311,occasionnel,0
71,M,2507.1634689272014,3,22.658296271744888,occasionnel,0
22,F,1320.2126068811015,10,1.1990844685121802,premium,0
53,M,1673.0514754658384,3,11.432261881471684,fidèle,0
51,M,3756.1060737713033,6,130.76203156196948,fidèle,0
69,F,1153.9761492690577,4,0.6237137303316916,premium,1
48,M,1905.5472992356022,5,35.534032355415626,premium,1
27,F,3223.258467248013,3,3.5375453740029816,fidèle,0
36,F,6878.8699538355,7,15.184255631554356,premium,1
49,F,4545.1551781376775,5,4.149769683685427,occasionnel,0
18,M,2585.2161024462594,2,88.32381839773004,occasionnel,0
73,F,,6,40.23958599493898,occasionnel,0
22,F,2997.0408302029573,3,104.57436490812483,fidèle,0
62,M,867.8661910943083,2,52.46481520050579,fidèle,0
21,F,7673.114006631148,7,159.36590158032712,fidèle,0
33,F,6950.831584799236,6,32.089510569641945,fidèle,0
41,F,2359.5178751604362,3,45.81341681764053,occasionnel,1
33,F,1723.398387637506,5,38.64376970639876,occasionnel,0
72,F,887.52444422326,7,29.796900711233114,fidèle,0
19,M,3910.1508741325256,4,84.17424827178638,occasionnel,0
66,F,3927.9687702456513,4,46.54353318116083,fidèle,0
45,F,1243.519666651496,3,72.72093855701391,fidèle,0
49,M,3022.9969513197643,6,69.45666075073298,fidèle,1
44,M,4448.828474975378,4,9.540548383242388,occasionnel,0
37,M,1627.3610604369817,5,47.26302612534074,fidèle,0
41,F,2138.51731718494,7,10.021665242337628,fidèle,0
29,M,2122.1685606247684,4,39.39470485266914,premium,1
67,F,1315.0395961895822,3,50.91523354817225,fidèle,0
52,F,2173.0651408901585,1,265.08332407370216,fidèle,1
50,M,540.4009806057088,5,1.3958146799472475,occasionnel,0
50,M,2036.0005769521067,8,4.30545962501644,fidèle,0
68,F,2060.896620114307,5,3.606973576951537,premium,0
60,M,2382.29141003625,5,22.86441707092304,occasionnel,0
54,F,3548.1091216303384,3,77.56478201951707,occasionnel,0
29,M,818.8997935300697,3,83.62172000508737,occasionnel,0
20,M,976.3254809965966,6,60.09856501520043,fidèle,0
18,M,,5,102.23301918366793,occasionnel,1
50,F,736.3409794587411,7,17.54447176421966,occasionnel,0
57,M,3838.365697376794,6,4.152819120834325,premium,0
27,F,1568.4616698081193,8,2.6960610463921,fidèle,0
60,F,2439.6111818153513,8,86.01480727774384,occasionnel,1
61,F,1190.659153464134,8,58.99277393910465,occasionnel,0
46,F,,9,53.971549970793745,occasionnel,0
30,M,3129.599478584351,5,18.676132561063405,occasionnel,1
29,F,,3,21.504730097286323,occasionnel,0
48,F,1016.160730869291,4,142.77565753281215,fidèle,0
63,M,2347.144884195032,5,2.9669047887117883,fidèle,0
19,F,1208.9064873603531,6,66.87152905243072,fidèle,0
68,M,2280.632406312589,7,16.673958343186275,occasionnel,0
67,F,1460.1668064762616,4,1.7926967971646235,fidèle,0
52,M,7992.699264375252,6,61.065354180592095,fidèle,0
40,F,4431.242701961763,13,18.082778266407207,occasionnel,0
34,M,,3,57.629922709140075,occasionnel,0
43,F,1997.8991961563718,7,55.341835073128415,fidèle,0
25,F,4519.766034760401,7,34.43668406977906,fidèle,1
46,M,2399.8861379498258,2,67.60161603387489,occasionnel,0
43,M,7464.931264749246,5,39.14891230705835,fidèle,1
27,M,4832.166127590263,2,15.19940994458434,fidèle,1
43,M,1855.3072998111518,4,59.61116370693241,premium,1
51,F,6912.11273486395,3,40.02760381406164,occasionnel,1
68,F,2006.0656227261104,3,0.5764035316846321,fidèle,0
58,M,8297.309143858929,1,104.36235915678796,occasionnel,0
24,F,7155.510099617342,7,35.499303324596184,fidèle,0
21,M,,4,91.33725124381174,fidèle,1
70,M,563.0117098542246,9,96.45005837109778,occasionnel,0
67,F,2943.7182598856243,4,26.49271900884818,fidèle,0
62,F,920.2624311401332,6,31.886358166852766,occasionnel,0
28,F,1497.944791568147,3,24.184521698384554,fidèle,0
46,F,1594.576819996801,8,26.856606592684997,occasionnel,0
73,F,912.7631951731825,6,101.48388416461985,fidèle,0
53,F,2951.857505856735,5,69.83318458421523,occasionnel,0
42,F,1351.5366527826977,3,6.087444506627553,fidèle,0
38,M,2079.6346089518966,11,42.40791156886967,fidèle,0
74,M,1605.951473050177,7,247.4275151104724,fidèle,0
53,M,3558.9667774359186,6,40.73530019906017,occasionnel,0
27,M,3377.6803813742545,6,69.35308035347532,fidèle,0
54,M,1950.0494830092332,6,65.95216750842171,occasionnel,0
26,F,3685.2670448390245,6,19.407219155556778,fidèle,0
41,M,5714.987055088666,5,20.923882985405612,fidèle,0
52,M,245.14081432461714,8,57.94341039680359,fidèle,1
66,M,1530.183149946207,6,31.19014099404089,fidèle,1
52,M,1089.6397004035532,8,38.038418207138825,occasionnel,0
65,M,1417.0006934677049,13,56.15751872332827,fidèle,0
53,M,188.00042980414946,4,67.64244454872502,occasionnel,0
35,M,231.53465687825016,1,14.255568431462335,premium,0
66,F,1651.7713598541566,4,7.143929014905994,premium,1
56,F,1613.1222719294842,2,15.525953115458787,fidèle,0
49,M,6267.401963421085,7,31.8752387479695,premium,1
41,F,2783.641357970432,4,18.84443123931232,occasionnel,0
40,F,3619.0769438206967,5,37.80763933745708,premium,1
49,F,20415.34902677308,8,2.4726643066493508,occasionnel,0
54,F,7547.920588772246,6,32.07782940775933,fidèle,1
29,M,2412.897541345838,5,20.647890166174157,fidèle,1
66,F,,2,34.42506632666243,occasionnel,1
72,F,1550.9156302989995,6,24.709706803385693,occasionnel,0
30,F,3193.918511936391,5,15.047576803463814,occasionnel,0
40,M,,6,105.50392806945764,premium,1
42,M,888.054658828357,3,9.192548229443004,occasionnel,0
52,M,1600.017817512019,6,51.46698772430225,fidèle,1
58,M,3260.3689376463994,6,116.34935332216865,fidèle,0
47,M,4076.3029147931197,4,34.81387062950551,occasionnel,0
34,M,,7,94.08480363650256,occasionnel,0
66,M,2694.7561811274977,4,6.0012750642820265,fidèle,1
37,F,5942.73274981605,0,30.636056102245533,occasionnel,0
65,F,2141.606224106148,9,27.481163273421835,fidèle,1
42,F,2377.7488098770336,1,0.3668374812575001,occasionnel,0
39,M,2281.6104521138213,6,26.35434715627312,occasionnel,0
30,M,2939.2671370620305,4,20.722345877386296,fidèle,0
36,M,4589.080412029856,5,49.86238025745812,occasionnel,0
66,M,1717.5416274800443,6,125.36793447876943,premium,0
53,M,1143.1076969814892,8,4.036327425212456,premium,0
29,F,4843.747732318475,4,17.852312494375596,occasionnel,0
58,F,4609.118748373283,5,26.41965415527877,occasionnel,0
36,M,6573.636141193019,10,27.328935841337753,occasionnel,0
29,M,1503.3114524673854,5,67.08642970600718,occasionnel,0
26,M,2081.3067249466253,7,26.36552893770699,fidèle,0
24,M,4969.018806441046,6,1.2391644592525752,fidèle,1
45,F,1701.0759230585184,4,55.7205015289634,occasionnel,0
31,M,3956.697246032509,3,97.26045004397562,occasionnel,1
48,M,2148.9405229335443,5,32.46077743142444,occasionnel,0
69,M,3181.5046416128653,4,39.15645274232104,occasionnel,0
36,M,871.0482715998725,4,8.003487252186327,fidèle,0
64,F,2668.6643384160225,5,11.218042646768309,fidèle,0
33,M,5638.090982307989,2,12.064590212560143,occasionnel,1
70,M,4327.842466863463,7,25.35396643945914,occasionnel,0
22,F,1075.8828898576594,3,118.48986691410379,premium,1
52,F,7639.983199826711,5,33.19624660484816,occasionnel,0
29,F,5406.958999088921,6,9.59913341033527,premium,0
42,M,911.3486255153281,8,13.921460490089098,occasionnel,0
69,M,1609.178135841042,5,21.803972159431897,premium,1
38,F,961.3864959353026,3,43.92887695926526,fidèle,0
53,F,3246.63775802492,3,26.09449644592369,occasionnel,0
70,F,1550.1854840065241,5,22.424054238468784,fidèle,1
40,F,324.3810078563171,7,37.43034908912288,fidèle,0
33,F,2369.4321443685544,5,12.458440452285554,occasionnel,0
74,F,4712.711764096458,5,3.698560075651641,occasionnel,0
56,M,2710.43416523669,10,1.1122778514386278,fidèle,0
62,M,3707.036208847791,2,13.021306559135656,fidèle,0
70,M,,6,4.322776485760981,fidèle,0
59,F,4203.649859609991,7,18.44938219323127,fidèle,0
56,F,3101.8273844508603,4,66.71306387722653,fidèle,0
31,F,2269.8244012537994,11,56.69180789321004,fidèle,1
48,F,2685.2090568908666,5,42.47954518498954,fidèle,0
22,F,6736.261080490663,4,86.1267940480721,occasionnel,0
52,F,3856.664308197855,1,14.912095453722795,premium,0
40,M,1072.5726846553553,11,97.34808048950003,occasionnel,0
46,M,2653.0620104704353,3,22.930126943027123,occasionnel,0
60,F,3204.5727327024424,2,23.05420186512307,fidèle,1
28,M,,7,23.390324792300234,occasionnel,0
35,F,326.5933477993393,5,4.646042247820143,occasionnel,0
64,M,1176.5945041398554,1,166.89124860269527,occasionnel,0
29,F,,6,6.708964073166725,fidèle,0
26,F,8226.637088850095,4,18.758625841381505,premium,0
27,M,3564.261800388476,9,17.30853311007049,fidèle,0
61,M,541.3182066605922,4,3.4926769075671595,fidèle,0
34,F,2323.0228388854034,9,7.433165135576341,occasionnel,0
55,F,6046.547056462402,5,2.0653024693349127,occasionnel,1
24,M,1531.6052799346387,2,15.564720021361417,occasionnel,1
63,M,5098.1077421937725,8,90.66734790428386,occasionnel,0
30,F,561.0760334309205,2,18.6601796132231,occasionnel,0
57,M,48.522113080979665,7,5.94168570143439,occasionnel,0
59,F,5619.020968833328,9,46.6917282439839,occasionnel,1
26,F,1706.075472960219,3,255.79116606555667,fidèle,0
67,F,1820.5832031483535,3,11.897425605877412,premium,0
44,F,2887.1820504365514,6,14.755878833921411,premium,0
19,M,3474.7080493392873,7,160.65464787921252,fidèle,1
22,M,114.24278692031614,2,8.86318735002831,occasionnel,0
46,M,1429.679299456349,9,32.212379300392456,fidèle,0
54,M,2615.9708541671425,5,12.329065381851473,occasionnel,0
55,M,,5,121.20461907617437,fidèle,0
36,M,1060.7043829656916,3,179.60045020156545,fidèle,0
25,M,2120.8635410628253,6,75.85953849059325,fidèle,0
65,F,1527.513408996954,6,17.01094019205239,premium,0
62,M,2959.814768814044,4,23.24947682922844,fidèle,0
18,M,5483.273166789469,6,12.486386307708964,fidèle,0
39,F,,8,99.63852175048457,occasionnel,1
69,M,673.4502141930687,4,110.69643356231437,premium,0
34,M,1362.460987450805,6,24.42518705661743,occasionnel,0
24,F,7589.419007708673,4,48.08990003964731,premium,0
42,M,1180.832744171854,9,8.14438189905223,occasionnel,0
62,M,819.8675941996818,5,25.68672466139279,occasionnel,0
21,M,1809.3833467109341,7,44.92404644093087,fidèle,0
53,F,2323.4826302977986,2,21.905491651192605,occasionnel,0
23,M,1608.6665583418826,4,19.914452010168716,fidèle,0
48,M,564.5702167781977,4,0.044977121653193126,occasionnel,0
36,F,3175.904949823242,7,73.40125526733053,premium,1
61,M,2962.0859512207976,3,99.05720680465187,fidèle,0
71,F,4095.68904462672,4,156.997510070213,fidèle,1
56,F,2912.6329320444634,3,57.16650867668601,occasionnel,0
44,M,7178.559094459156,3,35.81223933402556,occasionnel,0
27,F,4321.558497143486,2,14.117900174220225,fidèle,0
43,F,3731.163210117799,10,326.865684574173,occasionnel,0
36,M,5619.9178524862455,3,40.09479781800918,occasionnel,0
56,F,2781.775161628501,2,51.43712752053866,fidèle,1
20,F,2157.1043464382014,6,51.61418781389582,occasionnel,0
62,M,3149.642122258025,4,83.96801872791711,occasionnel,0
30,M,305.48010194216016,6,0.4373829766781557,occasionnel,0
67,M,2788.4929875046305,2,11.195009987418803,occasionnel,0
45,F,,4,49.28490222000466,premium,0
37,M,3403.7868470608764,9,101.48327382170899,occasionnel,1
45,F,5108.533936044645,10,52.031642268721434,premium,0
25,F,3808.841812347762,5,24.01054932310746,occasionnel,1
58,F,1365.7562873792774,2,20.19242354821346,occasionnel,1
56,F,,3,60.264555895857036,fidèle,0
18,F,7247.7275140811835,7,60.83304247066609,occasionnel,0
20,F,5199.139673093383,6,42.03419587331265,fidèle,1
30,F,738.8943518168735,4,15.505140495165216,premium,0
45,M,3780.3145245751093,2,116.65500948646873,occasionnel,0
74,M,857.6054818803179,7,36.121234325703945,fidèle,1
66,F,,6,70.33477745688172,occasionnel,0
42,F,3331.438978443748,7,10.853583953649299,occasionnel,0
73,M,3019.280391011802,7,18.974550138188352,occasionnel,0
50,F,5130.338393647175,3,93.42374930682355,premium,1
55,M,7271.085416608845,3,2.313268372314778,occasionnel,0
70,M,3576.9623720490767,4,32.31387952132513,premium,0
23,M,,5,29.57452319558725,fidèle,1
61,F,325.8219037355564,2,62.60522685903731,occasionnel,1
62,F,6020.435459582709,4,14.901199607978459,occasionnel,1
49,M,2331.1495934221484,7,11.126956147296486,fidèle,1
62,M,2427.94825335051,5,117.24691128710957,fidèle,1
64,M,2580.8836838369066,6,38.157926855564114,occasionnel,0
38,M,3459.7366636028178,4,4.976314639492321,premium,1
33,M,3533.5297851273717,9,9.65143900758222,occasionnel,0
71,F,2016.70611852867,2,303.63251635929333,premium,0
38,M,2312.972678448013,6,9.795141222772322,fidèle,0
28,F,1504.912321711419,4,42.42728446387813,fidèle,0
54,M,1364.8075017826134,3,24.52266115568123,fidèle,1
53,F,1358.9331049171203,6,97.56208295621782,fidèle,0
52,F,,7,63.323344670690055,fidèle,0
36,F,1134.6220856212847,8,40.89141537742077,fidèle,1
37,F,38.790727688178265,9,0.48586773797158184,occasionnel,1
74,F,1842.1398983018034,5,95.33512739579382,fidèle,0
35,F,787.8076896217138,4,26.468468685604442,occasionnel,0
64,M,,3,120.69251088556847,occasionnel,0
58,F,1499.8337208475446,7,30.791914736368852,occasionnel,1
66,M,3490.8567761529757,4,53.32068319699125,occasionnel,1
31,F,864.6671655787238,8,3.23146754851376,occasionnel,0
32,F,410.6956021774026,8,61.51889837036304,premium,1
48,M,2317.518314558034,1,18.561767762970156,occasionnel,0
18,F,1777.9004770182748,5,19.47941532574008,fidèle,0
70,M,718.4721413049928,4,5.6838189455996035,occasionnel,0
71,M,4323.992323488496,3,7.147272427060734,occasionnel,0
71,M,1018.1145654998245,2,9.247453066449374,occasionnel,0
20,M,,8,17.901170280029003,occasionnel,1
33,F,4904.225686084415,8,100.14054773600552,fidèle,0
40,F,3637.3451301042596,3,20.667498254412827,fidèle,0
74,M,,4,57.990124428185624,occasionnel,0
28,F,1912.5825725461202,12,3.8867622503828363,occasionnel,0
29,F,824.8144082726741,3,40.242677180966375,premium,1
27,M,4660.702646971435,3,29.59065362351722,occasionnel,1
49,F,4658.521141942192,4,171.6661416668017,occasionnel,0
33,M,7980.363248357617,3,84.24687341501144,fidèle,0
25,M,10032.520723458141,4,27.299573502250738,occasionnel,0
55,F,1484.5432411621962,6,67.15303132637536,premium,1
29,F,4149.719335630114,4,9.651582829096355,fidèle,1
41,F,339.0416849705788,3,37.183704044711895,occasionnel,0
45,M,2876.009120944399,8,3.489740749419583,occasionnel,0
70,M,3417.685954078555,2,19.25312755107989,fidèle,0
25,F,1072.1344122067508,3,11.520241259558366,occasionnel,0
45,F,1404.8133469867669,7,57.108587365622846,premium,0
53,F,4680.3860420674655,3,30.308507774423106,fidèle,1
43,F,3479.549733970864,7,62.576346157439765,occasionnel,0
25,M,7317.811238609299,5,32.58970755332864,fidèle,0
67,F,6761.959058627969,2,4.070469252438584,occasionnel,0
45,M,468.51566068339775,9,59.82361981868592,occasionnel,0
45,M,1615.7260602828194,4,80.60108616096707,fidèle,1
54,F,967.9727059153499,3,105.23411584157296,fidèle,0
58,F,4272.48685267384,1,38.187596889025755,fidèle,0
53,F,3090.721956416401,2,63.03328332494144,occasionnel,0
44,M,1033.4518586732984,6,62.75273969485488,fidèle,0
71,F,,10,7.618785084106595,occasionnel,1
34,F,,6,8.072580643251433,fidèle,0
26,M,,6,3.3085486443627405,fidèle,0
50,F,271.223664968177,2,17.34909667785423,fidèle,1
70,M,946.8221093574543,4,28.868411634313752,premium,1
37,F,8328.726876287996,5,277.41581813951234,premium,1
30,M,5002.379877377389,8,25.373841471622843,premium,0
45,F,,5,58.298081592250895,premium,0
65,F,2875.0204686075745,3,53.19907260955126,fidèle,1
46,M,4791.613798178545,1,10.29427837401192,premium,1
30,M,460.96178441855557,7,2.7129837022986054,premium,0
63,F,5161.740986936071,7,35.53528285218251,fidèle,0
52,M,3455.6621289701616,4,54.22463840437091,occasionnel,1
23,M,1332.0494302957475,4,285.7123340192656,occasionnel,0
35,M,3859.5844437520263,4,19.985365051514076,fidèle,0
68,M,3122.9712514628563,9,102.00941742569938,occasionnel,0
22,F,3281.602894715011,1,21.652088975398065,fidèle,0
64,F,2797.878923971679,3,52.617917931679145,occasionnel,0
42,M,1152.5263876625104,4,41.0369655946877,occasionnel,0
19,M,1358.8726150636396,3,2.449520662091709,fidèle,0
27,M,2066.6684632024426,3,3.673414421028151,premium,0
73,M,2590.14625279833,8,0.9442212669452963,occasionnel,0
47,F,4022.642896761606,11,20.851212626300335,premium,1
67,F,8458.107407311705,4,61.63371206940211,fidèle,1
62,M,2975.5102305218056,2,8.534468366521685,occasionnel,0
22,M,3972.523501882183,3,41.89640681730089,occasionnel,0
72,M,4624.744784372758,4,15.337829534914782,occasionnel,1
73,F,4172.628871033664,2,71.75308344848956,occasionnel,0
50,M,1112.3180330593327,7,72.06527883598487,occasionnel,0
71,F,6150.579746011123,2,67.20744890782895,occasionnel,1
18,M,5519.720138166968,11,33.484051759367354,occasionnel,1
35,F,2769.186054299137,5,15.06901139746175,fidèle,0
49,M,1175.0508435314453,5,74.60142275816534,fidèle,0
64,F,2558.6078197590164,4,9.26633074847613,fidèle,0
66,M,531.4706018349681,4,15.3968299903331,occasionnel,0
28,M,6687.728081554721,4,9.147457821777753,fidèle,0
38,M,1470.7788332556759,3,50.46762461698143,premium,0
43,F,1982.669928907649,5,52.16014159316479,fidèle,1
42,M,6375.9241043481225,9,47.56587167752337,premium,1
39,F,5877.759838174456,5,24.172744911484887,fidèle,1
44,F,3213.371641997808,2,4.749774377095173,fidèle,0
66,M,7354.203827946717,6,108.9461776908033,fidèle,1
30,M,1079.6509160860264,7,31.892845087290464,occasionnel,0
50,M,3214.5837207811555,5,23.513129650449528,occasionnel,0
51,F,1088.0605925308103,7,39.99312471279922,occasionnel,0
58,M,5295.040874362068,7,9.637738264085106,occasionnel,0
52,F,5170.042490419318,8,6.3988199215994985,occasionnel,0
18,F,7696.500479319763,7,23.403464478322658,premium,1
38,M,2499.392624793143,3,11.599279853488307,occasionnel,1
65,M,9106.047724695458,4,12.604408381246387,premium,1
72,M,1004.8282533539831,4,100.36670850813466,fidèle,1
23,M,2397.0598347188675,3,34.04876223790098,occasionnel,0
45,M,1039.4487170888306,7,29.727904382638418,occasionnel,0
34,M,2899.3653838884943,7,52.62775465892702,occasionnel,0
22,F,1126.1505069134068,3,136.2232803601179,premium,0
48,F,5304.806816899147,7,5.3553226334457875,fidèle,0
22,F,3537.6674091161317,8,80.6835420621649,occasionnel,1
55,M,925.3832211241414,3,39.470225635589195,premium,1
20,F,4489.924666143066,4,7.110797700211049,fidèle,0
70,F,7015.430825199248,7,15.86748653325226,occasionnel,0
40,F,3784.604447738824,1,29.63150979399287,fidèle,0
54,F,678.1860472330407,4,52.87443524533099,fidèle,0
70,F,2222.4758361983263,2,12.504286263837871,occasionnel,1
54,M,4131.737916756136,2,34.445578295272774,fidèle,1
27,M,2058.881777153117,5,51.93633287182001,occasionnel,0
27,F,992.6334962760726,6,26.799753323426117,occasionnel,0
36,F,5718.415648849768,5,89.45837407522986,occasionnel,0
34,F,1988.7390675206987,4,91.6230920903585,premium,0
38,M,7018.294090635405,5,28.628248853323193,fidèle,1
31,M,1623.0497888334658,7,162.41268262478263,occasionnel,0
26,F,1896.2388645034941,4,3.536742326980397,occasionnel,1
63,M,1517.384650385438,2,0.1515619719086174,occasionnel,0
18,M,2192.777497134569,9,21.56014021862333,fidèle,0
68,F,3496.3365809998763,4,41.35667189716839,occasionnel,0
62,M,1042.2369452561225,3,44.64417914604227,fidèle,0
30,M,865.6505767484269,4,29.120156929990557,premium,1
21,F,449.30206444983463,4,6.00291203486754,fidèle,1
18,M,386.74394269091215,6,8.411813179138145,occasionnel,1
66,M,686.6415937247178,4,86.01945283504567,occasionnel,0
57,F,1613.654718282928,6,91.09261523356085,occasionnel,0
49,M,2860.2508263769455,9,50.42460206171127,fidèle,1
51,M,3358.485617610543,3,49.10818754492274,fidèle,0
45,F,2762.492570183395,3,40.97307494355603,fidèle,0
48,F,6493.748349390151,8,10.206342581597598,occasionnel,0
25,F,7886.592706569821,6,25.157460188065336,premium,1
56,M,1996.3537704179632,1,53.56714933658593,occasionnel,0
43,F,1058.7317411502715,7,34.67579567968333,occasionnel,0
51,M,9473.074459009782,5,0.8439802588373934,fidèle,1
71,F,5586.808453271364,7,138.12864133976757,occasionnel,1
71,M,5311.27861784613,5,83.84148486467866,fidèle,0
20,F,1559.2205150074776,2,13.58288413609862,fidèle,0
67,F,4567.287595774683,6,43.123886316466745,fidèle,0
29,F,2779.073922647998,7,115.51786106943473,occasionnel,0
18,F,2359.470739000553,5,4.542214509261265,occasionnel,1
71,M,2356.318186858468,6,31.46510574644635,occasionnel,1
61,F,3612.4411571199585,5,27.416379178426173,occasionnel,1
22,F,6634.481475132423,6,23.75911210703086,premium,0
47,M,9982.712837867004,3,81.24225794045782,fidèle,0
47,F,1795.8104388104719,4,21.558533241357555,occasionnel,0
74,M,2897.9767551680015,5,2.9601081210589473,premium,0
34,F,2313.4307183184246,8,3.064730951189991,fidèle,1
65,F,3442.8660448304636,10,1.9658274433662148,occasionnel,1
64,F,2093.452899004916,5,23.678340864952975,occasionnel,0
40,M,1407.5330279967297,3,57.02804765593504,occasionnel,0
32,F,1797.86368132737,7,10.251336959601824,premium,0
54,F,1578.8556045194584,2,46.790223592378965,fidèle,0
38,F,2225.95796263755,6,52.2825654094069,premium,1
31,M,739.3379732958832,6,13.25890821674594,occasionnel,0
19,M,1604.5760895338085,6,41.295863013447786,premium,1
28,F,3418.637288308104,5,51.964414169045796,occasionnel,0
68,M,3400.4475446727433,0,28.282914320485673,premium,1
56,F,3021.686312081285,6,18.474881627086173,premium,0
55,F,6253.811387619803,4,43.44091902671082,occasionnel,0
51,F,3516.6634064758787,6,171.44038320891258,fidèle,0
55,F,6118.109004724263,3,25.04667726368398,fidèle,0
67,F,9987.514403272702,6,22.371515775217418,premium,0
51,F,4647.0451652183,3,28.085363739822267,occasionnel,0
35,F,743.0556041009827,5,3.5675816318695115,occasionnel,0
47,M,3110.7615655871236,2,36.25029135027322,premium,0
32,M,2783.070471672195,4,17.934086516452272,fidèle,0
44,M,7010.762267299598,7,5.825282707253982,occasionnel,0
68,M,2290.221527484221,6,28.252815491122128,fidèle,0
51,M,1242.728756916748,7,0.15253763429272144,occasionnel,1
69,M,1684.4265240010927,6,23.12124604645044,fidèle,1
74,M,772.0339288293385,2,5.028904204025411,occasionnel,0
55,F,8955.261031139069,0,1.1066687357721725,occasionnel,0
50,F,2536.6202982462196,4,78.29883267942442,occasionnel,0
41,F,848.2728408794363,5,111.59571686474163,occasionnel,0
32,F,7431.321357892869,2,10.475242829799015,fidèle,1
47,M,8267.838519913843,3,34.87519973289395,fidèle,1
72,M,,6,14.655248444536934,occasionnel,0
59,F,702.0747633395875,9,30.61727355417716,occasionnel,1
68,F,1719.0374513831503,6,25.821945797696326,fidèle,0
34,M,2100.0345233264256,4,14.103524900827885,occasionnel,0
22,F,2602.5697481012276,2,54.237851900098256,fidèle,0
46,F,957.247687056221,6,6.085655978102733,fidèle,1
21,F,4911.825508905078,7,2.4539869918432067,premium,1
27,F,237.55314807087564,2,65.6828950261212,fidèle,0
73,M,5465.366383024399,6,49.338216926172734,occasionnel,0
34,F,6260.298838603837,8,31.05916942291779,fidèle,1
27,F,1863.5680045615857,4,28.382251473639876,premium,0
34,M,2377.756330854223,6,30.95924829197954,occasionnel,0
37,M,6788.144466650056,6,25.853328706394453,premium,0
41,F,,1,22.457208006506715,fidèle,0
22,M,1918.6989236981922,7,31.163785996787578,occasionnel,0
51,F,2109.006086393279,6,33.834075920957886,occasionnel,0
23,F,3627.0894685284416,5,52.98022729024438,fidèle,0
70,M,8431.6731325303,3,55.892055017531625,occasionnel,0
19,F,2161.8383062306125,7,21.339856340986323,occasionnel,1
30,F,1870.9607033361326,4,24.01432675930663,occasionnel,0
60,F,2588.5999260245735,2,21.056457169732692,occasionnel,0
60,F,2600.460698352977,7,34.60617353051396,occasionnel,0
65,M,3179.043501015949,5,27.177885320137346,fidèle,1
28,M,2383.7172891517102,8,99.16258989791109,occasionnel,0
68,F,5687.612177730957,7,53.63624980222676,premium,0
64,M,1157.4964784937208,5,103.01572778782194,occasionnel,0
74,F,3439.9776823146003,4,55.57062978117739,occasionnel,0
40,F,3538.3092243095934,3,159.30849352865127,occasionnel,0
72,F,1254.1979710161902,9,45.44453412096221,occasionnel,0
33,F,3415.179788185355,4,149.03179249573188,occasionnel,1
48,F,3605.405523154264,8,7.747967483126357,fidèle,0
28,M,113.02354929763399,4,2.4257153902553306,fidèle,1
71,F,,2,38.943892869561225,occasionnel,0
33,M,7168.038505634379,2,184.6792445903491,occasionnel,0
25,M,1534.1451902830586,5,24.327305636915366,occasionnel,0
21,F,846.1778992781011,8,10.724049846090773,fidèle,1
57,F,366.0364445597727,5,33.17335627612815,fidèle,0
21,F,966.7704519095229,6,47.087797539677226,occasionnel,1
73,F,2305.0076879311805,3,17.036880485332723,occasionnel,0
42,F,786.3504235751113,5,56.45057209069347,premium,0
20,M,4058.727930371568,8,166.20616159083454,occasionnel,0
49,F,1233.7147367787682,4,102.27007409353286,fidèle,1
20,F,3196.9805708898775,5,15.512657673178039,occasionnel,0
44,M,6494.018730755012,1,17.80197564500539,fidèle,1
46,M,6225.18017685131,5,20.901818020873677,premium,1
49,F,3156.724903489934,6,22.580454814433825,premium,0
67,M,906.1342428346406,3,4.757201000485592,fidèle,0
68,F,2431.263822482838,6,64.58978152703128,occasionnel,0
36,M,3233.2983920333636,5,20.459911332015622,occasionnel,0
38,M,11199.327269838488,5,95.34440098106496,occasionnel,0
22,F,361.53867146838985,6,117.74172539399545,premium,1
35,M,2438.008436892239,6,1.1130617482490972,fidèle,0
45,M,3956.8633017988413,7,200.95538532881872,occasionnel,0
59,M,2745.9942663111383,6,55.707873460075646,occasionnel,0
39,M,2978.4272706689576,5,33.065399097196035,fidèle,0
38,M,1302.228476403225,6,22.2084994056036,premium,0
23,M,4853.039095806025,6,32.889901816809434,fidèle,0
18,F,2601.38141298809,5,17.66190501558989,occasionnel,0
22,F,2970.35612303376,10,43.86070592203577,occasionnel,1
58,M,5210.845746234545,4,4.391598742968573,occasionnel,0
29,F,1967.0431393743334,8,43.67441775449432,premium,0
43,F,5998.478841808927,6,14.492672669282879,premium,1
63,F,,4,0.8006478859498173,premium,0
51,M,3097.876283650044,5,36.20423968505809,fidèle,1
66,F,1230.1226578260164,4,38.8715202479805,fidèle,1
31,M,951.5104843193047,6,25.025295227834256,fidèle,0
43,F,8367.44008497035,2,3.37644153097198,fidèle,1
62,M,800.9108319553552,2,100.7161541308107,fidèle,0
44,M,2640.5364095840555,9,42.53778101966685,occasionnel,0
26,F,738.5798474968096,1,5.533827622688975,fidèle,0
43,F,5750.693846029638,3,32.18628732430304,occasionnel,0
74,M,1808.5265327973834,4,30.945187577133925,occasionnel,0
64,F,5192.1031593389735,3,2.803635680548038,fidèle,1
74,F,3861.8440969373346,2,42.011493413866575,premium,0
39,F,10140.42629524948,6,74.33826065854633,fidèle,0
64,M,590.09877314358,2,62.20504930520519,occasionnel,0
73,M,1049.1061163483528,7,10.208800112522766,premium,0
47,F,5001.4247413525045,10,89.21806304020605,fidèle,1
60,F,3209.073132484359,1,18.871859127016503,occasionnel,0
65,F,2084.8603039783043,2,131.7703608419169,fidèle,0
34,M,8940.942884317456,4,3.350339675814749,occasionnel,0
43,M,2501.322506359967,4,29.967214714394686,occasionnel,0
53,F,1273.496653703381,8,40.91073268063861,premium,0
18,F,5235.108935905124,6,12.80491958999752,occasionnel,0
25,F,2566.474426019753,2,66.40626905371927,occasionnel,0
66,F,2721.933492428047,6,44.365374884227535,occasionnel,0
52,F,4096.046981846102,8,0.822393904711077,occasionnel,0
69,F,4209.52735818243,8,42.18453737652702,occasionnel,0
32,M,1035.6773853893712,2,30.431126740770868,occasionnel,0
64,F,1989.1207325917642,5,9.818654894528752,occasionnel,0
73,M,672.4929141316093,4,245.71886492566145,occasionnel,0
39,F,3244.2755099565466,3,102.35710075369653,occasionnel,0
31,F,8269.894757453689,8,15.571283665052697,occasionnel,0
43,M,1077.013382255533,3,35.04868165816005,fidèle,0
45,M,544.4682443752314,7,17.12392891359553,fidèle,0
40,M,1463.962523028919,2,67.22372917389815,occasionnel,1
31,M,2070.321579152307,1,119.88027186144079,fidèle,0
41,F,4235.751266578176,5,20.0006313251965,premium,1
19,M,1899.1161805441589,4,73.69903652914131,premium,1
62,F,3287.2737211474564,4,31.048529718758168,occasionnel,0
43,M,1655.8852586518992,4,22.73127403844583,fidèle,0
31,F,2162.8605475753875,3,125.4351695958715,occasionnel,0
73,F,1235.4103216537803,0,32.137925600784854,occasionnel,0
68,F,903.7086132960458,2,28.35019443994411,occasionnel,0
24,F,4343.122125392513,3,50.22301250755994,occasionnel,0
20,F,1754.615178020091,4,13.624844597552137,fidèle,0
64,F,3463.998995141364,2,17.673109969029213,fidèle,1
40,M,1217.759251664674,6,121.00148385393923,fidèle,0
63,F,2513.92682250481,5,51.06827571546575,occasionnel,0
60,M,245.36709988585747,1,78.85658111639742,occasionnel,0
64,M,1865.5926799300578,8,14.230569027592704,occasionnel,0
62,F,1338.5242085065188,6,35.316110946730355,occasionnel,0
35,M,5594.049187508546,1,159.93981201740564,premium,0
55,F,769.6186622364315,9,17.269121886436444,fidèle,1
52,M,2234.7136356860333,3,7.871435180705055,premium,1
68,F,3214.891580669113,9,32.18218670963911,fidèle,1
32,M,5070.3764121132435,4,22.08288152284179,occasionnel,0
42,F,,3,7.823259875400462,occasionnel,0
72,F,2376.8117138784924,7,98.73862315729811,occasionnel,0
54,F,2643.7920552314204,5,210.6141847594855,occasionnel,0
45,F,5590.645330254357,6,37.83052080487037,fidèle,0
27,M,2341.359966400253,3,67.05986952023491,occasionnel,0
56,F,,7,88.16703975352728,occasionnel,1
74,M,5715.774386608574,5,54.32631870929486,fidèle,0
34,M,11061.147799594111,8,2.0322274744275393,premium,1
56,M,3048.5869630504053,7,7.719342971812886,occasionnel,1
39,F,3681.6110176329603,3,3.313570738834977,fidèle,1
43,M,4503.434988335697,5,0.4467930207688508,occasionnel,0
61,M,5678.818373666633,9,16.437516470429987,fidèle,0
42,M,5157.4711570513255,5,22.417471340267568,occasionnel,0
34,F,1548.2224197677187,6,12.410670392635543,occasionnel,0
30,F,3200.9889835948416,4,3.0053701256489997,fidèle,0
37,M,5181.9993602726945,6,33.962909877194704,occasionnel,0
42,F,6499.931418113417,6,14.367065741568261,fidèle,0
21,F,2237.8984113661154,5,71.54178450345175,premium,0
27,M,3144.254757004261,6,0.3638348593865878,occasionnel,0
20,M,3414.400052482534,4,83.18257153537238,fidèle,1
58,F,2577.169556730073,4,139.30352616665365,fidèle,0
62,M,3084.6100881652733,7,56.66655277920341,occasionnel,1
35,F,15506.897315881863,7,59.53147938640976,fidèle,1
64,F,2164.8301912296574,5,122.0170854229761,fidèle,0
53,F,2299.681315542167,3,10.554634609039065,fidèle,0
64,F,480.40669932677594,3,234.6750139531751,premium,1
39,F,390.95399022327496,3,66.82173075949937,fidèle,0
51,F,3590.9121218010846,2,58.35204998586645,premium,0
64,M,5196.492681631982,6,20.159666361836578,fidèle,1
25,M,,3,35.51256363413384,occasionnel,0
57,F,1214.7136212246494,3,47.7485516700849,occasionnel,0
66,F,4372.015870326813,11,43.58190150780728,occasionnel,1
61,F,2271.0081002670936,4,54.93275329683209,fidèle,1
36,M,1848.8452844423202,10,3.868821567998889,fidèle,1
59,F,692.7146369978449,8,19.777985553661726,occasionnel,0
58,M,1355.7023914735098,3,25.61225535448135,occasionnel,1
54,F,3651.4161596298172,7,13.588013570176122,occasionnel,1
23,F,3176.098775538639,5,8.52749930200817,occasionnel,0
69,M,2839.7727293747225,3,6.730944766104709,fidèle,0
43,M,209.90263931570485,5,20.53400521991372,fidèle,1
51,F,2861.7901844828707,6,30.605213671891367,premium,1
73,F,1528.3552019260183,5,2.927108391277433,occasionnel,0
62,F,3193.0021309053327,5,131.72807938506804,fidèle,0
23,M,5795.550495536662,2,65.21425729562853,fidèle,1
54,M,1728.594250884871,6,59.06218599408365,premium,0
74,M,2705.704425492024,5,8.540187588521984,fidèle,0
50,M,8905.954003612038,4,41.66271374243724,occasionnel,1
70,M,3076.4843893251436,7,33.94968911532858,occasionnel,1
39,M,2457.104642911503,5,181.96990830192257,fidèle,0
38,F,1232.9747682430302,6,61.9661042687549,fidèle,1
23,F,4457.182570281431,6,38.58571738695384,premium,1
23,M,1046.9506389801084,6,85.61486208279085,occasionnel,0
72,F,5969.109968006358,3,7.5838599448813255,premium,0
65,F,4020.7444103833914,5,0.6900070082852201,occasionnel,0
21,M,1574.8598156281803,4,52.737117900707396,premium,0
47,F,1270.842245911222,8,4.65687531661369,premium,1
28,M,1298.5472622601872,3,5.519598423291948,fidèle,1
47,M,399.62112702294763,2,61.435820868821494,fidèle,0
48,F,3528.8259622283667,1,14.194965445460761,occasionnel,0
41,M,249.881412475778,7,44.57518568897873,occasionnel,0
72,M,2337.0033145222556,3,112.2223253837712,occasionnel,0
26,M,,2,17.122111282200702,occasionnel,1
72,M,1919.2202133829123,4,11.01630193070032,fidèle,1
20,M,3511.377244705503,6,5.0705696689377415,occasionnel,1
68,M,,2,6.290714632985776,premium,0
48,M,,7,2.8909247975720804,occasionnel,1
57,M,5968.314715830834,4,4.1275456782264826,fidèle,0
54,F,3815.567279515845,10,25.453887263233906,fidèle,0
53,F,1783.3880735004298,8,17.412093705832643,occasionnel,0
41,F,2515.290981757039,6,55.173818925445175,occasionnel,0
48,M,1920.982592128949,7,91.89366606159679,occasionnel,0
23,M,2195.0782890424516,3,69.12283219797332,fidèle,1
19,F,2933.619374599072,4,34.037071629349086,fidèle,0
37,F,659.9166321582811,8,4.8634949812987625,occasionnel,0
45,F,505.16874622287236,5,55.66824938883575,fidèle,0
28,M,1139.0362046539456,4,20.28225517071251,occasionnel,0
21,F,3632.340663702373,4,4.029402576432426,fidèle,0
32,F,3994.9427248030943,5,83.16524501640531,occasionnel,0
23,M,4421.739340675798,5,18.57675787978488,fidèle,1
71,F,1181.1544139357077,4,11.079845514715846,premium,1
66,M,2693.9477176667974,3,92.31540328001596,fidèle,0
47,M,1829.5379771643247,6,104.58696324184122,occasionnel,0
73,M,2267.9728407320263,8,18.6280794394917,occasionnel,0
55,F,1802.8063889946845,5,19.718870961944084,fidèle,0
68,F,3058.587279316515,5,38.997742521238834,occasionnel,0
74,M,1413.9052291305202,3,59.49726858229241,occasionnel,0
19,F,5524.709913788194,5,2.9354059371595067,fidèle,1
32,F,5558.200861844518,5,40.49040675483975,occasionnel,1
28,F,3551.6969978165166,10,137.42039315396414,occasionnel,0
25,F,5090.9761142483285,4,13.677241249237166,premium,1
43,M,632.8573834906314,4,107.77494719779753,occasionnel,0
68,F,5744.182784464686,9,134.95971461814122,occasionnel,1
62,M,3309.8855794411993,5,14.109840922055062,fidèle,1
61,M,1489.087952444524,4,63.14601028276875,premium,0
22,F,1362.0114245890659,2,12.277184046703557,occasionnel,0
23,M,7088.660408036212,4,60.206749195763294,fidèle,0
43,F,4471.290793301052,4,71.847912014816,fidèle,1
71,F,2220.7370909150904,5,12.778347033045021,occasionnel,0
21,M,625.0037731700668,2,56.624480672009874,occasionnel,0
36,M,5943.392528900767,8,75.23412878688148,occasionnel,0
37,M,910.4957733607789,3,19.983107339527727,fidèle,0
50,M,1856.8967994467812,5,8.260454770160546,fidèle,0
37,F,2218.307003343061,4,4.3412345263864704,occasionnel,0
66,F,1343.7491785294965,5,38.54540878900608,fidèle,0
29,F,2140.3959011170828,7,171.95322464333927,fidèle,1
64,M,2486.3822451432047,6,77.90962085776697,occasionnel,0
18,M,2105.286264023611,7,25.75875328953458,fidèle,0
43,M,3171.208707725188,3,34.614439901387506,occasionnel,1
31,F,,8,14.753185521893348,premium,1
55,M,658.5793137786188,3,8.0104457774333,fidèle,1
54,F,2818.1170178741,6,29.607152630477387,fidèle,0
28,M,920.1969943708455,6,28.02112362657836,fidèle,0
53,F,591.9640426805481,6,33.20991067389301,fidèle,0
30,F,4827.860168677714,3,137.40563442998578,premium,0
60,M,3000.719782894174,1,41.673451909485166,fidèle,0
20,M,551.5795228085277,6,41.88714490925365,premium,0
50,F,2138.841786531142,5,6.1647413963780755,fidèle,0
23,F,1141.8702859845912,2,254.33173202036923,occasionnel,0
67,M,2199.0069861894963,4,66.69550933370863,premium,1
73,M,4096.051902713125,10,94.37514730540936,fidèle,0
27,F,3806.347627981361,3,24.072672106344825,fidèle,0
22,M,1813.4887459967504,11,31.383560497383034,premium,0
40,F,4984.529005647011,2,33.22439526774501,occasionnel,0
27,F,6285.705306779106,3,9.710497699155539,occasionnel,1
61,M,4143.850233146139,3,52.629140473010494,occasionnel,0
19,M,1570.3134467760542,2,104.97619649513551,fidèle,0
30,M,2256.5024890764944,3,8.044867602811921,fidèle,0
57,M,7111.954293219581,6,4.062284487683358,premium,1
19,M,1926.80913420666,6,60.311098880538225,occasionnel,0
37,F,3814.895789821477,7,14.359790819329625,fidèle,1
18,F,1327.4551584905294,3,44.001027971804156,premium,0
54,M,5008.617928471682,5,53.54698286514692,fidèle,0
26,M,1194.7822566257473,2,17.481437215495234,occasionnel,1
34,M,2334.4759172746435,5,75.96816152513922,fidèle,0
26,F,3719.2378173918037,4,35.93174455470939,premium,1
28,M,8089.521592575921,1,91.464904635269,premium,0
32,M,2959.854515938539,3,64.84205357824312,fidèle,0
41,F,2025.0772390563893,3,91.31956836297744,premium,1
55,F,1903.529544814615,8,0.9165328428844803,occasionnel,0
72,M,4858.824143589422,10,12.557745977162991,occasionnel,1
52,M,3506.7981259707017,4,4.244373237333544,premium,1
47,M,4038.92329690732,5,26.259529679735394,occasionnel,1
48,F,,6,99.31106016532297,occasionnel,1
66,M,2618.1705268008905,3,28.361159736658333,occasionnel,0
22,M,3329.875752918637,11,85.28439493252888,fidèle,1
61,M,1882.5313807246673,5,17.832367145389313,fidèle,0
67,F,1282.5149580688526,5,18.668891303693137,occasionnel,0
31,F,1512.9981686788199,3,101.66215963288174,premium,0
70,M,140.26344803237356,7,24.966331798856277,premium,1
73,M,3692.3261259964474,2,70.17892409477999,occasionnel,0
28,F,3424.229158565632,5,12.151358322434787,occasionnel,0
26,F,3636.5153008024236,4,133.741437826918,fidèle,1
51,F,1207.444718800818,6,38.46034084580785,fidèle,0
29,F,1535.731152453802,4,64.09358351129522,occasionnel,0
52,F,1493.1191170932757,5,4.2200380354854445,occasionnel,0
52,F,5346.345324947598,3,30.53619981588825,occasionnel,0
18,F,,5,104.0860966714097,occasionnel,0
57,F,2596.705988164551,6,94.31482635894007,occasionnel,0
39,F,4303.9662254423865,3,2.157532936566233,fidèle,1
46,M,1497.4614155308213,7,16.28876153053535,fidèle,1
25,M,3271.157204537599,4,26.35941249311723,fidèle,0
28,M,8785.443973958423,2,8.50778999337177,occasionnel,0
58,F,5924.7211213876135,12,58.919717898478176,fidèle,0
54,M,3235.2564606792694,4,9.178585493897092,occasionnel,0
31,F,2671.6756616234393,2,19.153193946755614,occasionnel,0
47,F,3614.05452527061,7,48.98274506454939,fidèle,0
52,M,6480.504300533139,1,29.607863911919534,fidèle,0
38,F,6175.741491112622,0,60.37167107891612,occasionnel,0
54,M,7212.874793504148,3,146.2292411784627,fidèle,1
22,M,3000.451411810989,10,5.576257469939025,premium,1
36,M,247.17580496564915,2,55.63731747519874,fidèle,0
31,F,8380.78527268267,9,11.781531873680057,fidèle,0
43,M,1279.9773189803914,3,24.08622068240431,premium,0
21,F,4254.807601809537,6,1.5036675640758714,fidèle,1
42,M,254.28840078362296,5,6.573389377622392,fidèle,0
62,M,2555.513777699523,3,17.34007582481027,occasionnel,0
59,M,1929.6272596173067,8,18.833794892047887,occasionnel,0
42,F,7223.7262041272415,4,103.43006262768267,fidèle,0
35,F,3265.4437036318227,5,60.93318595404294,fidèle,1
57,F,2535.0520782042895,4,161.19480558328573,occasionnel,0
25,M,3531.4777146113884,4,41.128748891609575,premium,0
56,M,68.6738710270298,3,12.451243611937839,occasionnel,1
57,F,1467.8566887565848,5,17.864267483082468,fidèle,0
31,F,1668.6579527005904,3,17.34395492884686,occasionnel,0
49,F,3937.9152358736246,7,17.786648744522306,occasionnel,1
68,F,1036.5500450113125,2,50.29584982817454,fidèle,0
55,F,2904.816550871491,7,34.05343767227869,occasionnel,1
50,F,2349.991301814952,4,21.907033632373263,occasionnel,0
40,M,1537.8650492213253,3,7.265188896323606,fidèle,0
32,F,1625.5248303995272,3,1.0074560610988252,fidèle,0
50,M,2333.2626559005366,8,11.113581200314568,fidèle,1
42,M,355.29795506272916,10,5.116352646167963,premium,0
34,F,4345.125955537615,5,69.26351881597064,occasionnel,0
50,F,1271.8873939142654,8,5.370500546119646,fidèle,0
64,M,2029.8926395451829,1,57.96817659620903,fidèle,0
72,F,7048.998861805788,6,21.9242081445952,premium,1
19,F,4397.2294141758475,2,3.4294492877989735,premium,1
31,M,867.7326181225047,4,75.38418527259009,fidèle,0
70,M,47.5603051143462,4,38.99796118410127,fidèle,0
57,M,3640.624310344896,8,12.09939221647859,occasionnel,1
57,F,2095.107735999499,7,101.28433925499579,occasionnel,1
68,M,2917.8464000555723,4,2.0841507367917917,fidèle,0
56,F,4295.733929262777,7,10.143929348498864,fidèle,0
68,M,4775.2563571732335,5,62.75320990857457,fidèle,0
23,M,1779.2379171440296,7,55.607921346512846,fidèle,1
23,M,2303.3358727824893,3,15.365927304742288,occasionnel,0
20,F,3341.5992179420755,4,2.8814332452043114,fidèle,1
24,F,3501.4332525303375,8,87.86151796408879,occasionnel,0
68,M,2896.6106503705287,7,16.939664438927775,occasionnel,0
25,M,6535.06895753427,2,9.800983089983667,occasionnel,0
59,M,3473.3022857769315,2,32.660915065862866,premium,1
69,F,4251.498119788083,6,108.47129565986961,occasionnel,1
32,M,3080.73237853519,8,2.003543433554787,fidèle,0
64,F,1029.3487368145607,4,65.32187774711743,occasionnel,0
46,M,1463.79276934416,6,38.23822655376267,occasionnel,1
50,M,831.8206933521067,8,24.937497704010926,premium,1
69,M,5146.863380210656,6,61.33014534015274,fidèle,0
47,M,548.1332389879246,4,151.93098247548878,occasionnel,0
56,M,2229.7612246339886,6,11.715048024633969,occasionnel,0
44,M,1860.6941110401344,6,6.978286394091304,premium,1
53,F,1820.855698797372,4,109.82199748311842,occasionnel,0
46,M,1953.6442431187652,4,49.74728191669544,fidèle,0
55,F,7363.2786805801725,5,25.930285052950108,occasionnel,0
74,M,324.6860529474819,9,38.32107045686557,occasionnel,0
50,M,5995.64636543554,5,61.60059484747484,occasionnel,0
54,F,2090.2819441842885,6,66.73256074384567,fidèle,1
44,M,4561.353898101816,9,113.59830503676949,fidèle,0
72,F,2657.740917167536,3,25.04678557362599,occasionnel,0
50,F,918.952227347685,10,15.628769295282133,fidèle,1
21,M,6383.058556821893,7,45.932359044398254,premium,1
39,F,5734.403618287597,6,24.182481544760666,premium,0
19,F,986.8012927194915,5,40.62947540976628,occasionnel,0
27,M,3839.555036128807,5,24.51162106442968,occasionnel,0
22,F,1522.8282517404716,9,7.472232447143474,premium,0
27,M,574.8643443396872,7,28.52087653354675,occasionnel,1
50,M,1274.751862225213,7,52.8366640064177,occasionnel,0
71,M,6135.170703257092,5,72.26385062174941,premium,1
55,M,4638.7184810131475,2,30.59496119392529,occasionnel,0
30,F,1972.394889426738,5,8.127382193015684,occasionnel,0
48,M,6154.60588366104,4,24.102438503739876,occasionnel,0
64,M,5440.742963942229,7,69.44191683008668,fidèle,1
53,F,1276.564098241341,3,23.96208350140913,occasionnel,0
62,M,7169.8981090260395,3,53.661381086635785,premium,0
41,M,1845.5329920041931,6,31.845583363216708,fidèle,0
69,F,2058.852051876537,3,12.422138277646539,fidèle,0
73,F,335.54721445109175,5,71.56680038377311,occasionnel,0
32,F,1498.2598744234588,3,3.9587386466162773,occasionnel,1
46,F,2243.4142001693094,8,33.48942830760376,fidèle,0
25,F,3144.3991303559174,3,10.544380368324331,occasionnel,0
22,F,922.0371417169994,7,3.123918991130945,premium,1
46,F,1329.4486011665408,5,31.45645522553816,occasionnel,0
64,M,7274.2469122202465,6,31.152234402942998,fidèle,1
21,F,5198.365456442472,4,55.226002842522675,occasionnel,0
29,F,5860.407256120281,6,61.448154170836766,fidèle,1
62,F,2393.266540213754,7,58.553411430374666,occasionnel,0
19,M,3213.220660697881,10,23.709830009279802,occasionnel,0
44,M,3900.1791226637556,7,44.94733768887337,premium,0
48,F,7204.029118572932,6,38.71141462347799,fidèle,1
68,F,561.3873648247594,4,24.634057058712653,fidèle,0
68,F,1629.7577405448312,6,40.92059850728804,fidèle,1
53,M,3001.8692220486437,2,132.3968064939932,fidèle,0
53,M,2670.4879976512716,2,9.643497798557272,occasionnel,0
43,F,1314.6043763954901,3,106.29175131817334,occasionnel,0
60,M,3664.536214250853,9,2.472178900105675,fidèle,0
44,F,1684.7761146339353,4,16.592936759390494,occasionnel,0
22,M,2524.9249393014165,7,15.294662515802468,fidèle,1
37,M,3549.0520294932207,8,44.30142821994166,occasionnel,0
28,F,1752.0955167205645,6,6.330197251449496,occasionnel,0
27,F,4373.822898406255,3,96.30093893220733,occasionnel,0
57,F,4937.877410694242,6,79.35623168067666,fidèle,0
55,F,1359.191902029993,3,47.50838793553437,fidèle,1
23,M,1674.7290258047458,7,27.596389341140483,occasionnel,1
25,M,1056.8670264115815,6,121.60830542808478,occasionnel,0
40,M,2482.0558820703613,2,79.93611050583121,premium,0
64,F,3142.829890443712,1,31.1300286259974,occasionnel,0
43,M,1893.0661930597737,2,54.46066039670949,fidèle,0
63,F,3078.686842342916,5,37.65851058629025,premium,0
60,M,1637.8796712561425,4,39.89662836177183,premium,0
29,F,1682.770606053631,5,18.08709519812097,premium,0
43,F,3262.7323098926336,8,27.90242949841787,occasionnel,0
30,M,1776.8848841609667,4,3.660379549908577,premium,0
57,F,2379.744244656799,6,19.896884576264814,fidèle,1
35,F,3347.457790187462,3,53.55736390862083,fidèle,0
42,M,3045.8812321501487,4,137.79966001137984,occasionnel,1
50,F,1657.436424004658,8,148.43572410204226,premium,1
64,F,5283.80294290849,5,36.50880341810282,fidèle,1
57,F,3777.2261307949657,7,41.9843221846758,fidèle,0
60,M,3002.1471084718596,2,9.245360145282717,occasionnel,1
29,M,927.3365362320244,5,53.480439154421994,occasionnel,0
61,F,2720.217867494342,10,3.2975695383172456,premium,0
53,M,1472.7084874400812,4,15.076495467158738,fidèle,1
65,F,3583.990065980021,5,49.667189801151565,occasionnel,0
21,F,45.44675446042111,3,16.718096179620492,fidèle,0
22,F,2035.7288199223326,3,2.3009455005210113,occasionnel,1
73,F,,8,80.23591008104073,occasionnel,0
54,F,4385.1504816708875,3,16.719393015382444,occasionnel,0
25,M,351.3604406076626,7,2.933293625651521,occasionnel,0
59,F,2589.1326536099664,8,3.497965035324926,occasionnel,0
66,M,3744.5737734510294,4,13.051345116367704,occasionnel,0
45,M,8094.36959883784,5,8.821542808212984,occasionnel,1
48,F,1678.3015906672906,6,66.98471026511727,fidèle,0
26,F,3182.417955608808,1,17.466394127577953,premium,1
71,M,381.20668192003285,2,73.49385867097892,fidèle,0
68,M,2489.2479886855335,3,8.593833578678062,occasionnel,0
46,M,5547.06391098849,4,30.55526996103983,occasionnel,1
31,F,8146.059393698095,4,52.41920022244461,fidèle,1
57,M,3404.014354948046,4,47.49869329012613,premium,1
58,F,525.0210833261488,3,41.36032126643826,occasionnel,1
39,F,6151.03901797808,5,116.45511070573453,occasionnel,0
28,F,530.408306612614,5,11.675304160702016,fidèle,0
40,M,840.9409765098573,2,30.629872427371296,fidèle,0
18,F,6502.343671942331,6,96.93453898909333,occasionnel,0
63,F,2351.54639498818,3,3.649267816462192,fidèle,0
54,F,1522.8316452539325,4,2.5879841972646074,fidèle,1
38,F,4111.765679675537,3,11.95482024286651,premium,1
43,F,2831.8426721882806,6,45.1103063176722,occasionnel,0
63,M,5214.086454019249,4,13.542409757386643,premium,1
53,F,2930.550677643701,1,9.495775261257172,occasionnel,0
71,F,2980.7375102905726,9,27.628679739964497,fidèle,0
40,M,5088.972057240596,7,42.789473039137256,fidèle,0
74,F,2326.5838561069822,5,12.85923878317387,occasionnel,1
18,M,1144.7995684243206,4,16.094827860933652,fidèle,0
71,F,4278.080055968966,2,42.7849588520383,occasionnel,0
72,M,1976.504642412294,4,131.12725004023594,occasionnel,0
68,M,3106.689584013374,5,50.541107734858485,occasionnel,1
57,F,284.77990836299807,4,68.73373297549503,fidèle,0
32,F,2252.749352514048,6,20.564320209581176,occasionnel,0
38,F,1616.7639360458122,3,14.301165896860645,premium,0
64,M,272.99354681516877,7,27.253205805373117,occasionnel,0
26,M,2308.954915764035,5,74.05891014078394,occasionnel,0
70,M,2370.3863501351902,6,27.42106481972582,occasionnel,0
26,F,3273.1383297246903,7,84.39859135675835,fidèle,1
27,M,5484.276741671507,2,202.02043055098443,occasionnel,0
69,M,4897.519538073572,6,3.363852655439592,occasionnel,0
74,F,,4,2.091308110457633,occasionnel,0
70,M,2877.100037759391,6,7.291635457781693,occasionnel,1
43,M,3619.9189067367333,3,21.82988783429262,fidèle,0
58,F,1755.863815016905,6,6.320732714348054,fidèle,1
52,M,586.6939139014119,8,92.04053861439156,occasionnel,0
69,F,2117.6426710553146,3,1.0538249460040825,occasionnel,0
42,F,5640.1347990620425,7,17.077246243928204,premium,1
43,F,555.5007747885151,15,9.188664668191073,occasionnel,0
28,F,1036.9143971134995,7,120.66731376715215,premium,0
55,F,1257.910663937006,6,49.81910163679117,occasionnel,0
19,M,1048.2998394480055,3,109.38430561211057,occasionnel,0
24,M,4124.565999696427,2,161.4311944469161,fidèle,1
35,F,1467.6660210815355,5,30.9312199539411,premium,1
44,F,4202.180684363638,6,12.014540378115836,occasionnel,1
51,M,2586.8880496219454,6,9.690079478586684,occasionnel,0
44,F,414.2615141441269,4,11.349472902824882,occasionnel,0
34,F,1788.193355985167,1,55.48659386359543,premium,0
60,F,4997.709042374942,6,1.857888111107735,fidèle,1
61,M,2811.2685280627074,8,2.372716356801224,occasionnel,0
68,M,1903.262089046505,2,42.15861695829924,occasionnel,1
71,F,5685.808869255911,2,46.232186988664,occasionnel,0
41,F,940.9279597309401,2,49.24844568161275,occasionnel,0
42,M,1514.993303448086,5,20.926118308374978,occasionnel,0
24,M,4680.781659609717,7,73.78258866608358,fidèle,0
69,F,4065.1922686175844,7,34.32439635505859,occasionnel,0
23,F,865.306980272673,9,5.015337888675302,occasionnel,0
70,M,3532.4723404710003,4,71.77673776556291,fidèle,0
41,M,1446.658607506779,7,137.65729407323707,occasionnel,0
50,M,254.9979109650156,5,2.7861315893033027,occasionnel,0
66,F,,7,22.34313398644739,occasionnel,0
46,M,8489.24134874623,7,30.081864395442487,occasionnel,0
60,F,5056.8965258079315,3,7.12689653215891,fidèle,0
39,M,2409.3844463196333,5,91.02378792024206,fidèle,0
43,M,517.3308618063149,5,15.042786079876791,occasionnel,1
45,M,266.66276375758616,5,68.75537763464196,occasionnel,0
67,M,2593.103130600287,5,50.025634038315246,occasionnel,1
38,F,3367.290929792901,8,41.01377323933878,fidèle,1
66,F,4158.305902069298,2,9.601651306441624,fidèle,1
24,M,3829.127784534966,6,11.221367207574046,occasionnel,1
34,F,4062.135091036243,6,2.1827713285530783,occasionnel,1
37,M,3074.7997455892073,6,12.391861182807947,occasionnel,1
58,M,5603.149597880489,1,19.070889261627382,fidèle,1
66,M,1614.0145040192601,10,80.57843677421303,premium,1
37,M,2563.2824833439054,5,20.53466390478607,premium,1
71,F,416.3012713498855,3,63.22295317370114,occasionnel,0
39,M,1584.6692545947872,0,26.04703790701843,fidèle,1
45,M,,7,69.14272212015631,fidèle,1
57,F,3971.249072519305,4,168.348719449181,premium,0
66,M,145.62179802789134,6,12.340277603544854,occasionnel,0
24,M,8905.92515308719,4,89.23410503227058,fidèle,0
18,M,2816.788439272633,2,43.757811516368236,occasionnel,0
49,F,2856.946917940145,4,76.49452832230502,fidèle,0
30,M,1498.4994799973176,9,47.446360677375154,occasionnel,0
47,F,,4,24.820198251564015,fidèle,0
40,M,2793.178723728259,5,11.649051246821632,premium,0
68,M,3813.3437426908,8,3.2673856613558936,occasionnel,0
73,F,3182.148670427787,2,34.50749658684842,fidèle,1
36,M,1603.7737441614315,2,208.72454291359637,occasionnel,0
49,M,1130.0204128711837,5,60.28066570838378,occasionnel,0
47,F,1059.100598077166,4,17.843558204748195,occasionnel,0
46,F,5228.997925663094,8,79.00416905749755,occasionnel,0
66,F,4806.188879458867,6,65.93707383990012,premium,0
62,F,3567.3754672476994,9,14.885036412554602,occasionnel,0
46,F,5203.303293533703,7,0.6484872956270337,fidèle,0
47,M,2265.350679048801,2,5.658643683424086,premium,1
33,F,4524.722769133469,8,94.41285206980368,premium,1
57,M,3700.5662856099752,3,81.50975550072869,fidèle,0
36,M,4609.4750656829465,5,15.743428887059792,occasionnel,0
35,M,959.4595088706325,4,15.108574370513033,fidèle,0
18,F,3042.604231479338,5,70.84730079496892,occasionnel,0
31,F,1880.2721491080626,4,124.93779646825192,premium,0
68,M,194.94414742072877,8,67.95962288511852,fidèle,0
64,F,5804.24158859822,0,41.86510170261536,fidèle,0
67,F,4815.419777933373,7,12.508108751039572,occasionnel,0
19,F,3241.7195580836187,4,33.5707322334105,fidèle,0
71,F,1195.5132346188568,5,11.967122334760795,fidèle,0
45,M,393.89378171573577,2,74.26437247773167,premium,1
66,M,190.69153411251844,3,22.019708396114446,occasionnel,0
67,F,1574.6193633298058,3,80.72753211318432,premium,0
47,M,4104.148035867089,1,21.628560960074775,occasionnel,0
55,F,1896.7368541305364,3,78.21542419375689,fidèle,0
68,F,,4,18.244882400712225,fidèle,0
21,M,3728.245196844254,4,26.102497314011508,occasionnel,0
18,M,4062.1614485784644,7,43.01016172853782,occasionnel,1
25,M,312.37364671903975,9,3.279600137883361,fidèle,0
46,F,1296.4810240070815,1,133.22256603723636,occasionnel,0
72,M,3551.2968545689428,3,38.35759391690865,occasionnel,0
56,F,6662.721692166737,5,31.90098625145361,fidèle,0
20,M,5452.595224697839,1,82.29604223013746,fidèle,0
49,M,3119.4202868411785,3,90.36658675853197,fidèle,0
27,F,5845.9270329486335,5,33.24102634288227,occasionnel,1
27,F,3101.8370890154424,7,117.94031163006872,occasionnel,1
36,F,538.3850142997042,4,3.0117746217071244,fidèle,0
63,F,4013.7017846183685,6,5.407419883250273,fidèle,1
51,F,5580.35052840436,4,40.87320170483699,fidèle,1
50,F,8063.532573787705,3,19.66759801370828,fidèle,1
40,F,1536.615681663452,5,28.081858155575816,occasionnel,0
72,F,862.7096107134329,4,17.89266731325171,occasionnel,0
45,M,4533.924116970462,4,23.342954333952544,premium,0
49,F,3399.199618571939,4,77.83242755001079,fidèle,0
67,F,3179.523065869137,5,40.50507612439324,fidèle,0
24,M,5901.250315462091,4,266.90133947858163,premium,0
46,F,4521.6196471768935,8,69.56532574465419,premium,0
25,M,3633.4539013198096,3,14.388554911295394,fidèle,1
18,M,1709.0667049654362,5,13.814738108129857,occasionnel,0
74,F,4269.91175749425,4,18.419397011355944,premium,0
72,M,826.9110831766454,3,83.39236127547672,fidèle,0
20,F,3095.3020712354705,5,1.2450092957323922,occasionnel,1
41,M,2434.877862719393,5,11.772009853076177,fidèle,1
40,M,,5,105.88590101986995,occasionnel,0
25,M,3406.3796213572114,2,45.96136251105196,premium,0
71,F,1539.5511318395254,4,11.57752995118,occasionnel,0
74,F,3346.5689398075137,4,11.131459429834754,fidèle,1
64,M,,7,89.32457937811684,fidèle,0
54,M,4553.024633406842,2,100.89140129151696,fidèle,0
20,F,7358.116843637612,3,13.31507057415203,fidèle,0
68,F,827.2200380956112,4,24.552337073556465,premium,1
50,M,1065.0337438251406,5,80.97132297094456,occasionnel,0
45,M,689.049029005897,7,66.33295915356369,occasionnel,0
64,F,2107.950035446392,5,75.67009501453192,fidèle,0
25,F,3309.0398687533448,3,32.87869327462869,occasionnel,0
51,F,4089.636722035267,2,109.13881944336492,occasionnel,0
52,F,3050.447726495794,5,17.750397483510646,occasionnel,0
49,F,,7,7.66797612145774,occasionnel,0
41,M,,5,55.50806768492338,fidèle,0
31,F,1523.917548186543,5,34.880684847391855,fidèle,1
49,M,1090.653121260326,7,86.76759791402571,occasionnel,0
73,F,2171.048539754483,7,3.808910559162101,fidèle,1
63,M,1116.2311734133364,10,83.51682481314793,occasionnel,0
60,F,3237.050806515839,4,15.621365945560434,fidèle,0
33,F,1133.2641659857968,4,47.870666703135505,occasionnel,0
21,M,1669.4988583802956,0,1.843027146437882,fidèle,0
69,M,5210.893118437349,3,42.32409824395809,occasionnel,0
54,F,5552.387517344776,3,56.84709937181871,occasionnel,0
71,F,5435.095811665339,2,20.702413719157896,fidèle,1
38,F,2398.5628414672788,9,10.916770028798402,occasionnel,0
31,F,1577.6207488365787,8,34.71260876821802,premium,1
48,F,3600.6783745651874,8,80.59070975824616,fidèle,1
72,M,1155.5273394960159,4,17.590177741268153,occasionnel,0
65,M,4231.000598266157,10,13.094095545479838,fidèle,1
35,F,1457.4221775957833,3,14.716188955135086,occasionnel,0
24,M,2099.6673747848417,2,134.03359093386325,fidèle,0
27,M,4296.747168103483,2,20.03210645741261,premium,0
24,M,371.76625403755753,2,0.16248378645889233,occasionnel,0
50,F,1512.0376533419524,6,68.48095210086295,fidèle,0
40,M,3287.624168970922,2,54.07012676392104,occasionnel,0
38,F,3810.816081201377,9,6.1927986194622315,fidèle,0
36,M,3382.280349288194,8,188.70038884910926,occasionnel,0
65,F,2078.7015105237388,4,42.149355430530036,occasionnel,1
36,M,4599.742598324722,4,31.261832051304406,premium,1
53,F,1056.9647590725842,3,21.67297589071568,occasionnel,0
46,F,1014.5180320159128,9,103.02299801317923,fidèle,0
35,M,3264.3245656884037,10,12.584951953530869,fidèle,0
19,F,947.4921641864665,5,15.144691493354125,fidèle,1
18,F,7525.063871869669,5,5.875950780268463,fidèle,0
64,F,1549.778478379555,9,64.05536880826986,fidèle,1
22,F,4540.808486303001,2,40.73514211475554,occasionnel,0
37,F,795.2227405481317,5,42.26476338665293,premium,1
28,F,6498.1043210326325,5,11.092603214199135,fidèle,0
59,F,2527.5001565365615,8,47.39246835979995,occasionnel,1
19,F,1513.7781856207905,6,65.25551292983377,occasionnel,0
20,M,1964.2394414617895,6,19.93470129948002,fidèle,0
40,M,1311.5355418255688,7,72.72883888141891,premium,1
72,F,2095.0675700496126,5,19.301580535422378,premium,1
29,F,843.2824168654264,5,63.87254422045372,premium,0
37,M,1555.7638412774138,7,1.5440441366944258,occasionnel,1
22,M,4480.962087698509,4,36.0494574372995,premium,0
54,M,2927.9714513478216,4,157.09049169402573,premium,1
55,F,1037.0444340176487,6,178.93231219860527,occasionnel,0
47,M,2152.867522124881,6,14.892352689801433,occasionnel,0
26,F,5595.300824330797,4,26.204399925018482,occasionnel,0
51,F,1711.3413567432524,3,2.9271788834756247,fidèle,1
70,M,937.7382953255546,3,92.98166722581176,occasionnel,0
61,F,3712.8493519529666,10,37.829474871030804,occasionnel,0
52,F,211.94908688131264,6,21.883352857703063,occasionnel,0
69,F,2000.1332403595761,6,5.384324643563351,occasionnel,0
39,F,5926.887821434433,4,131.98869618120628,occasionnel,0
61,M,2104.680286564082,1,33.99699384499404,fidèle,0
41,M,4790.305050212901,5,14.966051675216315,occasionnel,1
34,F,,7,19.400127313860743,premium,0
27,F,,4,14.204980959405086,premium,0
47,M,1889.3911298447897,3,41.4371484290857,premium,0
73,F,3572.1620682396187,5,119.64329218228923,fidèle,1
63,M,2633.683184128683,7,87.42472660895177,occasionnel,0
40,F,6460.934871789226,9,27.76012709154047,occasionnel,0
49,F,1633.2667447247948,2,78.82083018465588,occasionnel,0
34,M,2609.7479465814567,6,24.754312756055374,premium,0
67,M,1947.0297203483808,2,13.084335059443779,occasionnel,1
68,M,2467.9719649200556,3,184.4668600491666,fidèle,0
34,M,2300.6306712526666,5,16.300984113996048,fidèle,0
31,F,1145.3059104295949,3,17.60194547090833,premium,1
26,M,4312.195398300314,4,205.87136289603845,fidèle,1
57,F,1417.783969352363,5,6.470399150454694,fidèle,0
19,M,1332.2878240483142,4,64.3204703051769,occasionnel,0
62,M,542.972446727002,5,123.56778682333051,fidèle,0
42,F,1594.3152372285,2,32.26589404405785,occasionnel,0
56,M,1401.8675118750155,4,0.11362260147861769,premium,1
26,M,274.97137797246734,5,21.154407492340262,fidèle,1
71,M,2087.984221983743,6,5.323422816331311,occasionnel,0
39,M,6269.85590840963,10,24.21790582540537,premium,0
60,F,656.5811015589882,5,70.23488367497433,occasionnel,0
63,F,2433.6881023330243,6,25.9884149619819,premium,0
21,M,2048.801104371149,7,25.447591814997626,premium,0
43,M,3920.3421408837785,4,36.61696801875504,fidèle,0
46,M,4124.599030348613,7,39.219025158654645,occasionnel,1
62,F,9425.487803310056,6,87.30008097175357,occasionnel,1
51,F,3007.45873000915,2,16.590739312224205,premium,0
40,F,1245.9961354316642,3,77.5856971165267,premium,0
54,F,1556.9190596055846,4,37.55511466869066,occasionnel,0
28,M,1693.86482757376,4,16.08442784211918,occasionnel,1
23,M,1451.9164485586484,5,15.738132509018186,occasionnel,0
35,M,7310.3950546589585,7,20.16297245264032,premium,0
38,F,3987.881301707415,3,43.86135340526231,occasionnel,0
59,M,3550.112411127513,3,11.808878254281218,occasionnel,1
53,F,962.8720988462615,6,113.84580968558697,fidèle,0
58,F,4095.813584197044,3,38.4957201114243,occasionnel,0
55,M,5311.0630559165265,9,113.66666442932726,premium,1
51,M,2078.305193863469,7,2.138199900262553,occasionnel,0
34,M,,5,18.876596130436962,occasionnel,0
54,F,6567.60259765834,6,1.0382300575122823,fidèle,0
42,F,1375.351651133549,6,14.301008571710478,occasionnel,0
55,M,1253.4892952549524,3,89.1246822939815,occasionnel,0
29,M,1074.6173286025924,8,1.6783501404731864,occasionnel,1
40,F,2343.219579357078,10,25.783284463010638,occasionnel,1
70,M,3000.9100786082777,6,5.62826221195985,premium,1
59,F,4831.736354217352,7,24.268266820921696,occasionnel,1
39,F,3665.4389620911393,2,82.14432757925027,premium,0
38,M,3623.7596914694427,5,43.906433706011214,fidèle,0
44,M,,8,60.06038544367308,occasionnel,0
74,M,1028.095996699149,6,19.32325115085725,occasionnel,0
48,M,615.786379887694,2,130.02887798697475,fidèle,0
23,F,3793.0162824915897,3,55.58998876032707,occasionnel,0
44,F,2259.0370309514287,10,24.652503330670896,occasionnel,0
57,F,4843.6534688972215,3,25.017118523351172,occasionnel,0
51,M,2425.722709886697,4,112.92366006537753,fidèle,0
29,F,1497.2904410829956,9,38.65395353364337,fidèle,0
62,M,3831.9283928421323,2,55.14597782063152,occasionnel,1
74,M,2660.7211846811756,5,24.283283123792977,fidèle,1
70,M,2427.3359641688403,1,11.394311195712385,fidèle,1
24,M,10563.508197438985,5,57.859151337342425,occasionnel,0
27,M,5566.007802625147,9,42.12197907075347,premium,1
62,M,4177.239593982213,2,31.312644954117914,fidèle,1
34,F,2722.8077986183043,5,44.019982287796864,premium,0
43,M,2551.0894044373654,6,10.509954329713763,occasionnel,1
38,F,1957.0220589487192,7,71.08117260039559,premium,1
45,F,2930.4050889375444,3,133.18413019155318,fidèle,0
63,M,1668.3588617617174,7,99.78093546855364,fidèle,0
19,M,832.0708880561973,7,17.449924639321864,fidèle,0
71,M,2404.646171209606,6,23.439855554856862,occasionnel,0
60,F,3106.802187638609,4,74.35608374862946,premium,1
18,M,,10,40.68708595281137,fidèle,0
68,F,1259.9228536529322,6,35.72477249222811,occasionnel,0
70,M,2566.4363630518674,8,117.55814722390372,occasionnel,0
53,M,3645.4148562897653,3,34.556603553542566,occasionnel,0
68,F,3588.2784880726476,6,32.5565982988263,fidèle,0
43,F,7071.443031054182,9,1.931710838935445,fidèle,0
46,M,1987.5595444427663,3,3.2374783360725714,occasionnel,0
38,F,1167.3905605855887,7,0.3351588892833446,occasionnel,0
28,F,2694.2386191500896,4,110.00962353592553,fidèle,0
57,F,2070.412871092187,3,23.620589973451306,fidèle,1
28,F,1791.94910860448,9,28.447540428202824,occasionnel,0
53,F,1600.8498134299782,4,84.00733737460482,occasionnel,0
66,M,3115.8182900846314,4,42.28550402889128,occasionnel,0
56,M,1420.1293811497487,3,42.31491290004699,premium,1
57,F,4174.722174149778,2,15.828135467284225,fidèle,1
52,M,4040.0257173407485,3,80.78470553662817,premium,1
71,M,3320.250248492447,6,8.159311428349081,occasionnel,0
51,F,1026.4236169927863,12,2.4576373149077573,premium,1
72,M,3015.0538946575493,7,9.571610103746883,fidèle,1
64,F,5070.238710586773,4,14.022712741385494,occasionnel,1
41,F,4381.935222993808,7,14.927356440610543,occasionnel,1
71,M,3970.1459181639793,5,49.959908836105214,fidèle,0
39,F,2537.719734894825,8,11.05543128205016,premium,0
22,F,2453.3663217417356,4,50.80705353452692,occasionnel,1
73,F,5626.299237497862,7,4.30000202136122,occasionnel,0
50,F,3080.3228891222516,5,7.165490016488516,fidèle,1
53,F,3108.1819252631103,2,31.992640586876988,premium,1
64,M,12531.127462519276,4,114.73701657135938,fidèle,0
37,M,1953.6582029949316,6,88.33630342987122,occasionnel,0
36,F,243.79434266606876,6,155.96307301667778,occasionnel,0
52,F,2184.577871269465,4,47.30363190185047,occasionnel,0
69,M,2284.505400490394,3,50.68982368918195,premium,0
60,F,3047.4663824041463,4,44.140076341942326,fidèle,1
34,M,3564.6260923142468,5,43.87634532564463,fidèle,1
62,F,306.3058391865882,7,7.161157166895629,occasionnel,1
60,F,3615.98423128004,10,35.3110575919629,premium,1
51,F,2390.493331001076,7,21.95419489906481,fidèle,1
26,F,2024.930461728587,5,26.29617896850922,premium,1
43,F,,3,33.3674389978578,fidèle,0
19,F,6407.693055910427,4,6.183912769719189,fidèle,1
70,F,1772.5554651863597,4,20.046915312043396,fidèle,1
26,M,4006.800830739993,8,2.9498354715119004,occasionnel,1
26,M,1243.966298930954,8,175.3004562324766,premium,1
57,M,3143.6522417761653,4,5.677293347222571,occasionnel,0
34,F,2050.265715062745,4,13.460106635976643,fidèle,0
18,F,3922.9373243640102,8,99.85942868607764,premium,1
42,F,1996.858648499071,4,29.661827521016832,occasionnel,0
60,F,1193.916380012067,6,6.559321169986541,fidèle,0
57,F,2472.796739737291,6,21.819718600268775,fidèle,0
59,F,2380.634058329095,1,5.541700484474394,fidèle,0
42,F,2996.8623216126643,5,10.053611285643678,premium,0
56,M,4748.695072799357,3,2.4044517606176905,fidèle,1
52,F,967.476348199765,9,25.94962375250567,fidèle,0
20,M,4587.971222951209,4,73.94316684807667,occasionnel,0
67,M,834.5164556142134,8,39.68166871544009,occasionnel,1
54,F,3819.9074043243777,8,41.952652371687634,occasionnel,0
61,F,,2,10.074323498646386,fidèle,1
61,M,1698.080402013937,6,18.96447054688976,occasionnel,0
68,M,1299.7211577314558,9,83.96520045560969,fidèle,0
47,F,1241.0155991902457,4,4.138092392199516,occasionnel,0
55,F,2649.4661469416496,4,87.81479937630698,fidèle,1
51,M,4076.5229174995493,6,29.747158630655974,occasionnel,1
29,F,2235.6085498719717,13,81.67094883573355,fidèle,0
36,F,209.47730656311242,6,17.223076520313022,fidèle,1
54,F,,8,18.619374383648058,premium,0
61,M,1562.1985918742964,8,62.67305375276752,fidèle,0
66,M,3547.912095666067,1,69.16947537767129,fidèle,0
34,M,3675.765896137815,8,11.740653603781375,premium,1
27,F,2799.5228411321777,4,162.32237936382828,fidèle,0
74,F,4593.703964692612,4,3.9723347609839093,occasionnel,0
72,M,4824.249236086015,2,3.193302147580376,premium,1
66,M,1687.1815850975777,6,40.730128358270846,fidèle,0
64,M,1217.2098926723338,6,57.72610593068645,occasionnel,1
29,F,2355.9350112117772,3,145.857515562933,fidèle,0
33,M,2795.470488132835,5,23.3596238796142,premium,1
41,M,1619.081730356263,8,1.1527530152908692,premium,0
36,F,14445.355549593842,9,41.56010652021164,premium,1
25,F,6167.086414458777,3,15.392801725687136,occasionnel,0
48,F,1497.7646628820191,2,25.528622351606494,occasionnel,0
38,M,1005.1233437247887,7,30.165661445613893,occasionnel,1
34,F,1399.0388007681167,6,3.0009426106742687,occasionnel,0
40,F,4881.542354738848,6,29.94734590036489,premium,0
54,M,4960.487944664549,6,25.005732687175733,occasionnel,0
71,F,6215.998744972539,4,56.10088785658426,fidèle,1
33,M,1185.9907427723613,6,46.6881775769875,fidèle,0
23,M,3538.1503796188667,10,9.217434853071227,fidèle,0
25,F,1283.5040123919064,4,10.388105685224895,occasionnel,0
42,F,7091.530817860744,3,13.006104518876764,occasionnel,0
35,F,1222.0533642598987,0,8.872731283749115,occasionnel,0
42,F,804.1888426173682,8,48.17909693027117,occasionnel,0
29,F,953.5611836341716,3,233.5676579082425,premium,0
32,F,2480.9840290933475,4,47.513887695021836,fidèle,1
43,M,4037.270657183767,5,41.991105609268885,occasionnel,0
58,M,3860.989253787226,3,23.737977120559655,premium,1
62,F,991.5518414178156,2,16.866458838707644,occasionnel,0
43,M,1844.5957097902046,8,108.89765919550057,fidèle,1
64,F,1656.4743305332076,4,156.32228396353608,occasionnel,0
49,M,865.4977825148666,3,30.902410300739945,fidèle,1
27,M,1624.7109672065699,8,15.42477315884357,occasionnel,0
33,M,6044.730904666567,5,66.15933520335655,occasionnel,0
24,F,757.2798616616891,6,6.394048182114861,occasionnel,0
34,M,2932.1184810368095,7,65.28042188267722,occasionnel,0
40,F,6135.315852616992,10,76.90378786136719,fidèle,1
43,M,5931.955505067721,7,6.003972948630934,occasionnel,0
38,M,7303.985532269834,3,169.48152151135724,fidèle,0
39,M,3138.911341476783,3,190.55045708915114,fidèle,0
24,M,3470.3089612660547,7,124.20799773662688,fidèle,0
31,M,1649.5630668092213,3,30.8361635810201,fidèle,1
32,F,741.1134933693091,3,12.710756148354701,occasionnel,0
70,F,2232.7153391184415,3,39.25332223967924,fidèle,0
24,M,5281.401590769198,8,24.50758996558663,premium,1
26,M,204.6781785443316,2,10.377321328310655,fidèle,0
68,M,,5,24.798869422768178,fidèle,0
65,M,3706.8132332759146,4,49.064233623722416,fidèle,0
25,F,2506.100502377774,2,3.3098953488748135,occasionnel,0
67,M,5718.381344097088,3,18.251645325419137,fidèle,1
40,F,4926.626844493991,2,0.8079805258735537,premium,1
46,M,650.7728625074612,6,62.29252873572382,occasionnel,0
35,F,2663.8596576282307,3,46.06079765760823,premium,0
48,M,1338.4031628264324,6,2.912496675515031,occasionnel,1
47,M,1323.648096531712,5,150.52216018014195,occasionnel,0
69,F,703.832481139034,4,1.0296607487667042,premium,0
56,M,2994.602462602799,6,40.11759628583898,fidèle,0
52,M,5796.534868393516,6,67.3987962872671,premium,1
35,M,3187.8726805341125,6,69.78060155086573,premium,1
59,F,659.3142493146013,7,1.5698996893266028,occasionnel,0
56,M,2401.5476982302903,10,106.59989619351575,fidèle,1
34,M,,12,112.79517533957996,occasionnel,0
31,F,2268.6713732614,5,37.086547239305446,occasionnel,0
48,F,3147.493179989551,7,29.60732993557383,occasionnel,1
41,F,1433.0984490118406,10,2.0657324698808774,fidèle,1
52,M,2070.7634675397962,2,37.14442544790157,fidèle,0
61,M,1972.0423140254502,4,23.696140126128054,fidèle,1
62,M,6500.439649095293,6,66.68787573699392,fidèle,1
51,F,,4,23.279367304031176,occasionnel,0
20,M,245.606066826911,5,51.780936040552824,fidèle,0
54,M,6232.202588540686,3,4.8116856538825346,occasionnel,0
60,F,2731.06788221797,3,6.419756371374046,occasionnel,0
57,F,823.7258947056911,3,6.771868149820502,fidèle,1
43,F,4641.317258525853,6,2.0967458184574754,fidèle,1
72,F,3761.0910242824298,5,35.07398076175012,premium,0
40,F,7193.987494096145,9,71.08751037477973,fidèle,0
61,M,2891.816549395012,1,42.41985590435276,fidèle,0
56,F,10582.436777947123,5,38.50019838229809,fidèle,1
32,M,2284.2110683935443,6,51.36236832307673,occasionnel,0
73,M,3765.9986183536435,5,18.674018955843838,occasionnel,1
66,F,4146.187188363203,8,20.220525459728073,occasionnel,0
21,F,1765.9044100335404,4,16.97721560878308,occasionnel,1
46,F,1720.7482031786606,6,56.03278992621966,occasionnel,1
39,M,4204.572660459438,5,7.933863459016631,premium,1
42,F,755.2613183422148,7,0.5899883923043524,fidèle,0
30,F,1330.679012747348,4,40.80720480950359,fidèle,0
35,F,2235.8223590017533,7,128.4259155607999,occasionnel,0
50,F,7048.162895286303,4,42.30411882987227,occasionnel,0
33,F,4206.541323687245,5,68.7373624911558,occasionnel,1
62,M,2651.3066501910534,5,50.2719876271878,fidèle,0
59,M,1634.1572878032657,5,30.961511295901627,occasionnel,0
61,M,8906.414152149282,6,57.0258302742262,fidèle,1
19,F,2389.530422019135,5,78.20383823233468,fidèle,0
72,F,1329.555671530275,3,11.45457197909894,fidèle,0
52,F,10010.211739030769,3,18.435134500533444,occasionnel,0
59,M,790.424270662063,5,11.396222268636096,fidèle,0
51,F,5915.883453939606,4,27.08080444086795,fidèle,0
47,F,2528.2019432233524,5,97.3523079239612,fidèle,0
72,F,4199.567145851933,2,19.054632502132236,occasionnel,0
30,M,3694.3483383267194,8,21.111795694489544,occasionnel,0
30,F,4157.929388221024,4,88.59327333929316,occasionnel,1
35,M,10593.853858914143,1,32.597032590735594,premium,1
49,F,9567.704512706905,3,34.50077687328202,occasionnel,0
49,M,1392.0345905506813,6,88.73334790862171,premium,1
52,M,3596.3932227431997,7,30.347005710802236,occasionnel,1
56,M,446.270693511053,5,51.49410582447967,occasionnel,0
63,F,,3,4.029120669980424,fidèle,0
69,F,5200.622512226671,5,8.855265907477069,occasionnel,0
46,M,250.34116547757773,4,23.316570921089905,premium,1
66,M,2457.571976554737,4,30.72952003001792,fidèle,0
46,F,4194.2688672805,2,151.81168280186967,fidèle,1
70,F,3243.5511359444927,3,158.783326862664,fidèle,1
61,M,806.6493377618268,4,85.73096625206773,fidèle,0
74,F,896.3745348523138,6,17.064496582284864,premium,1
33,F,2241.2506543665068,8,149.62601276683827,occasionnel,0
73,F,1765.7041953038918,5,52.60765481003285,fidèle,0
61,F,,2,22.460753545727155,fidèle,0
64,M,698.4773936180025,3,54.430717700489865,premium,0
74,F,2561.292014103621,6,0.7497338643043214,fidèle,0
27,F,7083.996255960161,6,7.110235277270895,premium,0
47,M,841.4432699765041,9,79.6549406951822,fidèle,1
42,M,2098.2831141687807,5,46.67646037331156,occasionnel,0
56,F,3875.8480679033164,3,20.378830347781292,fidèle,1
37,F,535.7028667338094,6,31.251660777655932,fidèle,0
22,F,2580.8081696516733,4,105.99191190158267,fidèle,0
18,F,5094.3096693278585,5,44.93369501291981,occasionnel,0
47,M,1027.3213870889483,4,22.8485629972255,fidèle,1
66,M,2772.5626045461004,7,5.769208890466041,occasionnel,0
20,M,4846.741235233837,9,15.650166053698593,premium,1
62,F,10244.37950284648,6,172.45344533542863,occasionnel,0
31,F,2667.266992150078,5,25.880432882046204,fidèle,0
73,F,1357.1142654464918,2,28.725974808302144,occasionnel,0
47,F,1367.2050179665732,7,31.06562260713684,occasionnel,0
67,M,657.19843898793,2,96.97780078873811,premium,0
21,M,7464.917458684248,5,41.677199283923656,occasionnel,0
35,F,4647.386828039478,5,53.24018837308065,occasionnel,0
54,M,896.1586021405076,4,22.20009201053984,occasionnel,0
42,F,1289.60740997218,2,1.3283572580240275,fidèle,0
65,F,2634.1518736758553,11,120.2965336892799,fidèle,0
18,M,5068.240487847101,5,134.02963497390522,occasionnel,0
70,F,,8,134.05208420098987,fidèle,0
63,F,3357.9067677043863,10,129.457413148214,occasionnel,0
32,M,2911.1839902019537,10,75.99186447174402,premium,0
26,F,943.9499761381906,5,51.925548650450025,fidèle,0
32,F,2660.325798109392,2,83.75279996098959,premium,0
66,M,2423.5379066256264,7,41.2945768194645,premium,0
74,F,647.4871835602808,7,6.493377033323585,occasionnel,0
41,M,7342.1677067084765,10,22.33328896497886,occasionnel,1
21,F,1523.4438828103516,3,159.78063999404054,fidèle,1
29,M,666.2670235019755,7,19.46407195944042,occasionnel,0
54,M,1746.9339206252873,6,91.06427347201999,occasionnel,0
54,M,2033.5684584914109,2,4.403070457130113,occasionnel,0
60,F,2367.5652767149945,2,18.303375876772453,occasionnel,0
23,M,2006.5068284893061,3,19.451279074865095,fidèle,0
56,M,2472.467276771122,4,2.384172282036062,occasionnel,0
73,M,2801.0290456702714,2,5.706212872507755,occasionnel,0
63,M,2694.266875832316,9,9.658635941266107,fidèle,0
41,M,3340.018226941633,7,81.85595682696993,occasionnel,0
28,F,,8,2.9475498094681187,premium,0
30,F,3548.270607404736,3,15.966936390962163,occasionnel,1
51,F,4193.934075152157,7,0.4602204797130187,fidèle,1
42,F,1384.6615302234318,3,53.52767122457521,occasionnel,0
24,F,1428.6244053121793,10,43.57718774529434,occasionnel,0
69,F,5084.114115659518,4,46.60143861183727,occasionnel,0
21,F,1791.0576560352836,7,21.105745744066095,fidèle,0
25,M,2266.9624880233287,2,10.508944613498965,premium,0
37,F,2112.5913825769385,2,57.33494771051889,fidèle,0
46,M,10004.055226757315,5,74.9984455699774,occasionnel,1
71,M,1186.1817184124036,10,6.713912047820785,occasionnel,0
70,F,1166.1950790291553,6,30.021614546833444,occasionnel,0
68,M,2479.014871728337,4,12.868700082747091,occasionnel,0
62,M,2160.0892890049427,1,8.282307841181849,occasionnel,0
63,M,887.9484132596576,8,59.646721577329124,premium,0
27,M,2326.121018940087,5,34.75801021301305,fidèle,0
60,F,2531.1614076606966,3,10.96122059627294,fidèle,0
51,F,1646.1376297479032,4,16.69786639377517,fidèle,0
74,F,2219.532477780272,3,153.036341886157,fidèle,0
43,F,1290.533332335136,3,84.97600211667701,occasionnel,0
58,F,890.0052539845683,4,95.39189213686886,fidèle,1
66,F,1779.96875668506,4,27.729384375422548,premium,0
20,F,1025.626407428327,5,43.9944151936298,occasionnel,0
73,F,731.6606347868748,3,21.277620945445957,occasionnel,0
23,F,354.678256849075,6,3.6403971037392213,premium,0
22,F,2947.787763703158,4,23.067422917830083,fidèle,0
22,M,1731.479051293203,6,40.56096215746332,occasionnel,0
71,F,,6,15.231430005089361,fidèle,1
64,M,1851.4489355870342,5,84.75973401257785,occasionnel,0
40,M,2937.316659497123,7,7.371633273530497,occasionnel,0
66,M,1460.3670191495428,5,20.586996467766934,occasionnel,0
26,M,2420.8865685905207,6,6.003970927557534,occasionnel,1
52,F,358.0842932292289,4,23.35103034620107,fidèle,0
37,M,1758.3970098981683,8,1.821116224064447,fidèle,0
66,F,1193.0159995175457,11,14.319413065509618,premium,0
59,F,4755.124071856147,6,23.042331018129097,occasionnel,0
52,M,2800.732697177053,3,29.26820381281932,fidèle,0
67,F,4309.282837378386,4,35.30685647388865,occasionnel,0
35,M,5485.7772832970995,8,14.470712524340138,occasionnel,0
34,M,1642.6275574459046,6,33.314645125155636,premium,0
41,F,2713.3293128767928,5,32.00942537018707,occasionnel,1
20,F,939.0781958644437,6,17.102596659490025,occasionnel,0
49,M,3264.854851847657,4,79.7911178596141,occasionnel,0
52,F,3609.2210720542416,5,35.499056541276445,occasionnel,0
55,F,3106.8410588359316,14,18.174193090264826,fidèle,0
30,F,1641.1023107960013,4,132.4741891547569,premium,1
73,M,7793.567676153315,6,83.92750518605011,fidèle,1
64,M,2526.137079953796,2,182.27631746063,premium,0
42,F,944.3148438509005,5,53.02868029705991,fidèle,0
26,F,3851.7402736742683,5,21.382812875396215,premium,0
21,F,4851.671824597629,4,14.836506857307217,occasionnel,1
31,F,961.9261099915753,3,48.9877177493537,premium,0
54,F,2034.7083010533581,6,177.9169070141113,occasionnel,0
51,M,652.5628698600134,5,44.34359807788787,premium,0
28,F,5626.715804062944,7,96.02157398793804,occasionnel,1
58,M,2307.643881619522,8,17.961313433557855,fidèle,0
73,F,1197.754438754943,6,23.511732503826494,fidèle,0
20,M,4894.353173975408,5,106.53267926991948,premium,0
45,F,2474.3240896896023,8,63.63654454922004,fidèle,1
46,M,4446.068525286133,9,179.33169198345638,occasionnel,0
26,F,3413.977238162202,3,67.07733609399617,fidèle,0
20,M,1057.3728859625974,5,26.78138647189113,occasionnel,1
42,M,1595.3647483651707,2,34.07838986961646,occasionnel,0
51,M,1227.3406125677286,6,103.84890075394584,occasionnel,0
29,M,884.4066278798261,9,36.09782198111248,occasionnel,0
59,M,487.55078558445916,5,13.270706597017359,fidèle,1
26,M,,7,25.74122236865238,premium,0
32,F,3065.51848992272,7,32.684555475026464,premium,0
57,M,,3,4.577513032721953,occasionnel,0
42,F,5267.257252070978,5,61.27430446133162,occasionnel,1
22,F,1582.0079040200308,5,5.211367291259796,occasionnel,0
28,F,702.7917106454951,4,23.35750137627688,occasionnel,0
51,F,4180.811765517804,5,73.47696278415962,occasionnel,1
41,F,822.1021521481163,4,28.363703607636825,occasionnel,0
32,M,4112.38864935453,8,83.03663145807776,fidèle,0
55,M,596.7465874066963,7,18.826650103642844,fidèle,0
25,M,765.2991831890774,6,142.26584732291056,fidèle,0
22,F,1452.7059060037934,7,10.577235989913287,occasionnel,0
65,M,4005.748317738738,10,1.7556950254995596,fidèle,1
43,M,7127.5516800078885,4,92.6578326094339,fidèle,1
35,M,3394.7948386611088,9,62.78149215445537,occasionnel,0
23,M,1501.6901580608178,9,11.877502525682685,occasionnel,0
54,M,4709.9220597860385,9,188.21815090304193,occasionnel,1
65,F,577.8225474369053,3,31.39730409582565,occasionnel,0
30,M,1110.1321573633604,3,135.77721239745844,occasionnel,0
45,F,2657.281144032511,8,31.646503895258373,occasionnel,0
22,F,4276.167404614798,6,28.728967429175043,occasionnel,0
30,F,2117.295684649519,9,26.832236850766456,occasionnel,0
34,F,1942.0855446082228,2,18.350131555132716,fidèle,1
67,F,2034.1093052359943,6,34.33181786690503,occasionnel,0
57,M,5235.513083706441,2,27.112169765304444,fidèle,0
62,M,,9,1.6847573823604898,occasionnel,1
